地区,导演,年份,时长,演员,电影名,类型,评分,评论数,语言
[' 美国'],['彼得·法雷里'],['2018'],['130'],"['维果·莫腾森', '马赫沙拉·阿里', '琳达·卡德里尼', '塞巴斯蒂安·马尼斯科', '迪米特·D·马里诺夫', '迈克·哈顿', 'P·J·伯恩', '乔·柯蒂斯', '玛姬·尼克松', '冯·刘易斯', '乔恩·索特兰', '唐·斯达克', '安东尼·曼加诺', '保罗·斯隆', '珍娜·劳伦索', '肯尼斯·以色列', '伊克博·塞巴', '尼克·瓦莱隆加', '大卫·安', '迈克·切罗内', '杰拉尔丁·辛格', '马丁·巴特斯·布拉德福德', '格拉伦·布莱恩特·班克斯', '汤姆·维图', '夏恩·帕特洛', '丹尼斯·W·霍尔', '吉姆·克洛克', '戴恩·罗兹', '布赖恩·斯特帕尼克', '乔恩·迈克尔·戴维斯', '布莱恩·海耶斯·库瑞', '托尼亚·马尔多纳多']",['绿皮书 Green Book'],"['剧情', '喜剧', '传记']",['8.9'],['679430'],[' 英语 / 意大利语 / 俄语 / 德语']
[' 印度'],['斯里兰姆·拉格万'],['2018'],['139'],"['阿尤斯曼·库拉纳', '塔布', '拉迪卡·艾普特', '安尔·德霍万', '马纳夫·维吉', '阿什维尼·卡尔塞卡', '查亚·卡达姆', '萨基尔·侯赛因', '拉什米·阿格德卡', '莫希尼·凯瓦拉曼']",['调音师 Andhadhun'],"['喜剧', '悬疑', '惊悚', '犯罪']",['8.3'],['423609'],[' 印地语']
[' 中国大陆'],['文牧野'],['2018'],['117'],"['徐峥', '王传君', '周一围', '谭卓', '章宇', '杨新鸣', '王佳佳', '王砚辉', '贾晨飞', '龚蓓苾', '宁浩', '李乃文', '岳小军', '苇青', '富冠铭', '巴拉特·巴蒂', '喜利图', '张海艳', '朱耕佑']",['我不是药神'],"['剧情', '喜剧']",['9.0'],['1135615'],[' 汉语普通话 / 英语 / 上海话 / 印地语']
[' 黎巴嫩 / 法国 / 美国'],['娜丁·拉巴基'],['2018'],['126'],"['赞恩·阿尔·拉菲亚', '约丹诺斯·希费罗', '博鲁瓦蒂夫·特雷杰·班科尔', '卡萨尔·艾尔·哈达德', '法迪·尤瑟夫', '海塔·塞德拉·伊扎姆', '阿拉·乔什涅', '娜丁·拉巴基', '埃利亚斯·库利', '努尔·艾尔·侯赛尼']",['何以为家 كفرناحوم'],['剧情'],['9.0'],['245362'],[' 阿拉伯语 / 阿姆哈拉语']
[' 美国 / 澳大利亚'],['温子仁'],['2018'],['143'],"['杰森·莫玛', '艾梅柏·希尔德', '威廉·达福', '帕特里克·威尔森', '妮可·基德曼', '杜夫·龙格尔', '叶海亚·阿卜杜勒-迈丁', '特穆拉·莫里森', '林路迪', '迈克尔·比奇', '兰道尔·朴', '格拉汉姆·麦克泰维什', '雷·沃纳尔', '泰努伊·柯克伍德', '塔穆尔·柯克伍德', '丹泽尔·夸克', '卡恩·古尔杜尔', '奥蒂斯·丹吉', '克考亚·克库毛诺', '朱莉·安德鲁斯', '约翰·瑞斯-戴维斯', '杰曼·翰苏', '索菲亚·福雷斯特', '娜塔莉亚·姗福瑞', '杰克·安德鲁', '汉克·阿莫斯', '帕特里克·考克斯', '罗伯特·朗斯特里特', '德维卡·帕利赫', '梅布尔·塔莫内', '文森特·B·拉戈斯', '加布里埃拉·佩特科娃', '爱丽丝·兰斯伯里', '帕特里克·艾奇逊', '约翰·盖蒂尔', '塔丽亚·杰德·霍尔特', '罗斯·克纳汉', '布拉登·刘易斯', '萨尔瓦多·梅伦达', '山姆·莫纳汉', '温妮·穆赞贝', '凯·潘塔诺', '安娜·帕奇', '乔恩·奎斯蒂德', '迪伦·斯图默', '米奇·武尔夫']",['海王 Aquaman'],"['动作', '奇幻', '冒险']",['7.6'],['603909'],[' 英语 / 毛利语 / 意大利语 / 俄语']
[' 中国大陆'],"['闫非', '彭大魔']",['2018'],['118'],"['沈腾', '宋芸桦', '张一鸣', '张晨光', '常远', '魏翔', '赵自强', '九孔', '李立群', '王成思', '徐冬冬', '艾伦', '杨皓宇', '黄才伦', '王力宏', '包贝尔', '郎咸平', '张绍刚', '杨文哲', '陶亮', '王赞', '黄杨', '刘鉴', '杨沅翰', '林炳宝', '骆佳', '陈昊明', '臧一人']",['西虹市首富'],['喜剧'],['6.5'],['660236'],[' 汉语普通话']
[' 美国 / 中国大陆'],['鲁本·弗雷斯彻'],['2018'],['112'],"['汤姆·哈迪', '米歇尔·威廉姆斯', '里兹·阿迈德', '斯科特·黑兹', ' 瑞德·斯科特', '珍妮·斯蕾特', '梅洛拉·沃尔特斯', '伍迪·哈里森', '佩吉·陆', '马尔科姆·C·默里', '索佩·阿卢科', '韦恩·佩雷', '米歇尔·李', '库尔特·岳', '克里斯·奥哈拉', '埃米里奥·瑞弗拉', '阿里亚当娜·约瑟夫', '袁之正', '朴云龙', '麦克·勃兰特', '尼克·图恩', '山姆·麦地那', '迪塞尔·马德金斯', '简·麦克尼尔', '维克托·麦凯', '马丁·巴特斯·布拉德福德', '布兰顿·莫拉莱斯', '马修·康威尔', '斯坦·李', '韦德·威廉姆斯', '约瑟夫·阿梅', '威廉·W·巴伯', '玛塞拉·布拉吉奥', '卡特·伯奇', '克里斯蒂安·康佛瑞', '詹姆斯·富尔特斯', '丹妮拉·加斯基', '约翰·盖蒂尔', '艾米丽塔·T·冈萨雷斯', '杰克·汉森', '安东尼·B·哈里斯', '卡茜·亨德利', '罗恩·彼得·琼斯', '霍梅洛·洛佩兹', '万恩·姆约维奇']",['毒液：致命守护者 Venom'],"['动作', '科幻', '惊悚']",['7.2'],['551133'],[' 英语 / 汉语普通话']
[' 美国'],['史蒂文·斯皮尔伯格'],['2018'],['140'],"['泰伊·谢里丹', '奥利维亚·库克', '本·门德尔森', '马克·里朗斯', '丽娜·维特', '森崎温', '赵家正', '西蒙·佩吉', 'T·J·米勒', '汉娜·乔恩-卡门', '拉尔夫·伊内森', '苏珊·林奇', '克莱尔·希金斯', '劳伦斯·斯佩尔曼', '佩蒂塔·维克斯', '艾萨克·安德鲁斯']",['头号玩家 Ready Player One'],"['动作', '科幻', '冒险']",['8.7'],['787865'],[' 英语 / 日语 / 汉语普通话']
[' 中国大陆'],['陈思诚'],['2018'],['121'],"['王宝强', '刘昊然', '肖央', '刘承羽', '尚语贤', '王迅', '妻夫木聪', '迈克尔·皮特', '白灵', '元华', '曾江', '王成思', '杨金赐', '范湉湉', '佟丽娅', '陈思诚']",['唐人街探案2'],"['喜剧', '动作', '悬疑', '犯罪']",['6.7'],['578904'],[' 汉语普通话']
[' 中国大陆 / 香港'],['庄文强'],['2018'],['130'],"['周润发', '郭富城', '张静初', '冯文娟', '廖启智', '周家怡', '王耀庆', '方中信', '高捷', '邢佳栋', '张松枝', '张建声', '吴嘉龙', '孙佳君']",['无双 無雙'],"['剧情', '动作', '悬疑', '犯罪']",['8.1'],['606119'],[' 汉语普通话 / 粤语 / 英语 / 泰语 / 波兰语']
[' 中国大陆 / 香港'],['林超贤'],['2018'],['138'],"['张译', '黄景瑜', '海清', '杜江', '蒋璐霞', '尹昉', '王强', '郭家豪', '王雨甜', '麦亨利', '张涵予', '王彦霖']",['红海行动'],"['动作', '战争']",['8.3'],['670633'],[' 汉语普通话 / 阿拉伯语 / 英语 / 索马里语 / 粤语']
[' 美国'],"['安东尼·罗素', '乔·罗素']",['2018'],['149'],"['小罗伯特·唐尼', '克里斯·海姆斯沃斯', '克里斯·埃文斯', '马克·鲁弗洛', '乔什·布洛林', '佐伊·索尔达娜', '本尼迪克特·康伯巴奇', '克里斯·帕拉特', '汤姆·赫兰德', '伊丽莎白·奥尔森', '保罗·贝坦尼', '斯嘉丽·约翰逊', '查德维克·博斯曼', '塞巴斯蒂安·斯坦', '唐·钱德尔', '汤姆·希德勒斯顿', '安东尼·麦凯', '本尼迪克特·王', '戴夫·巴蒂斯塔', '布莱德利·库珀', '范·迪塞尔', '凯伦·吉兰', '利蒂希娅·赖特', '庞·克莱门捷夫', '凯莉·库恩', '汤姆-沃恩-劳勒', '海登·瓦尔希', '迈克尔·詹姆斯·肖', '泰瑞·诺塔里', '本尼西奥·德尔·托罗', '彼特·丁拉基', '罗斯·马昆德', '丹娜·奎里拉', '温斯顿·杜克', '弗洛伦丝·卡松巴', '塞缪尔·杰克逊', '雅各布·巴特朗', '斯坦·李']",['复仇者联盟3：无限战争 Avengers: Infinity War'],"['动作', '科幻', '奇幻', '冒险']",['8.1'],['588502'],[' 英语']
[' 中国大陆'],['黄渤'],['2018'],['134'],"['黄渤', '舒淇', '王宝强', '张艺兴', '于和伟', '王迅', '李勤勤', '李又麟', '宁浩', '管虎', '梁静', '徐峥', '陈德森', '张磊']",['一出好戏'],"['剧情', '喜剧']",['7.1'],['634390'],[' 汉语普通话']
[' 西班牙'],['奥里奥尔·保罗'],['2018'],['128'],"['阿德里亚娜·乌加特', '奇诺·达林', '阿尔瓦罗·莫奇', '诺拉·纳瓦斯', '哈维尔·古铁雷斯', '米格尔·费南德斯', '克拉拉·塞古拉', '米玛·里埃拉', '艾娜·克洛特', '阿尔伯特·佩雷斯', '弗兰塞斯克·奥雷利亚', '阿娜·瓦格纳', '西尔维亚·阿隆索', '贝伦·鲁埃达']",['海市蜃楼 Durante la tormenta'],"['科幻', '悬疑', '惊悚']",['7.8'],['181197'],[' 西班牙语']
[' 中国大陆'],['饶晓志'],['2018'],['108'],"['陈建斌', '任素汐', '潘斌龙', '章宇', '王砚辉', '九孔', '马吟吟', '程怡', '宁桓宇', '邓恩熙', '谢波', '范翔', '赵梓冲', '史策', '马睿瀚', '林海', '邓钢']",['无名之辈'],"['剧情', '喜剧']",['8.1'],['654140'],[' 汉语普通话 / 贵州话']
[' 美国'],"['鲍勃·佩尔西凯蒂', '彼得·拉姆齐', '罗德尼·罗斯曼']",['2018'],['116'],"['沙梅克·摩尔', '杰克·约翰逊', '海莉·斯坦菲尔德', '马赫沙拉·阿里', '布莱恩·泰里·亨利', '莉莉·汤姆林', '劳伦·维勒斯', '佐伊·克罗维兹', '约翰·木兰尼', '金可·格伦', '尼古拉斯·凯奇', '凯瑟琳·哈恩', '列维·施瑞博尔', '克里斯·派恩', '娜塔丽·莫瑞丝', '奥斯卡·伊萨克', '格里塔·李', '斯坦·李', '乔玛·塔科内', '华金·科西奥', '蕾克·贝尔', '梅勒妮·海恩斯', '尼克·杰恩', '穆尼卜·拉赫曼', '卡洛斯·萨拉戈萨', '黛西·罗斯·布莱内斯', '里夫·霍顿', '哈里森·奈特', '莱克斯·朗', '凯特琳·麦肯纳-威尔金森', '斯科特·门维尔', '克里斯托弗·米勒', '德维卡·帕利赫', '柯特妮·佩尔顿', '克里斯蒂·法瑞斯', '杰奎琳·皮诺尔', '贾斯汀·沉卡罗', '梅利莎·斯特姆']",['蜘蛛侠：平行宇宙 Spider-Man: Into the Spider-Verse'],"['动作', '科幻', '动画', '冒险']",['8.7'],['345048'],[' 英语 / 西班牙语']
[' 中国大陆'],['李少红'],['2018'],['127'],"['白百何', '黄觉', '吴刚', '刘嘉玲', '梁天', '钱小豪', '彭敬慈', '魏璐', '耿乐', '于小彤', '苏小明', '胡先煦', '曾志伟']",['妈阁是座城'],['剧情'],['5.7'],['10471'],[' 汉语普通话']
[' 美国'],['佩顿·里德'],['2018'],['118'],"['保罗·路德', '伊万杰琳·莉莉', '迈克尔·佩纳', '汉娜·乔恩-卡门', '沃尔顿·戈金斯', '鲍比·坎纳瓦尔', '朱迪·格雷尔', 'T.I.', '大卫·达斯马齐连', '艾比·莱德·弗特森', '兰道尔·朴', '米歇尔·菲佛', '劳伦斯·菲什伯恩', '迈克尔·道格拉斯', '戈兰·卡斯蒂克', '罗布·阿切尔', '肖恩·克莱尔', '本·戴维斯', '迈克尔·瑟沃瑞斯', '达克斯·格里芬', '海莉·洛维特', '玛德琳·麦格劳', '蒂姆·海德克', '布莱恩·赫斯基', '朱莉娅·维拉', '布莱恩·卢戈', '托里·沃格尔', '汤姆·夏普林', '斯坦·李', '约瑟夫·阿梅', '安迪·阿尼斯', '威廉·W·巴伯', '玛塞拉·布拉吉奥', '塞尔吉奥·布里奥内斯', '乔·布卡罗三世', '蒂莫西·卡尔', '贾迈尔·钱伯斯', '扎卡里·卡伯森', '雅各布·埃文斯', '米歇尔·方', '盖尔·甘布尔', '克里斯·加恩', '约翰·盖蒂尔', '杰克·汉森', '卡茜·亨德利']",['蚁人2：黄蜂女现身 Ant-Man and the Wasp'],"['动作', '科幻', '冒险']",['7.3'],['344214'],[' 英语']
[' 中国大陆'],['李芳芳'],['2018'],['138'],"['章子怡', '黄晓明', '张震', '王力宏', '陈楚生', '铁政', '祖峰', '米雪', '王盛德', '韩童生', '王鑫', '郑铮', '章泽天', '黄梦莹', '林美秀', '保罗·菲利普·克拉克', '胡家华', '伊娜', '吴谨言', '纪帅', '王天泽', '伍麟凯', '都金翰']",['无问西东'],"['剧情', '爱情', '战争']",['7.6'],['495272'],[' 汉语普通话']
[' 中国大陆'],['姜文'],['2018'],['137'],"['彭于晏', '廖凡', '姜文', '周韵', '许晴', '泽田谦也', '安地', '史航', '李梦', '丁嘉丽', '陈曦']",['邪不压正'],"['剧情', '喜剧', '动作']",['7.0'],['474980'],[' 汉语普通话 / 英语 / 日语 / 法语']
[' 美国 / 南非 / 韩国 / 澳大利亚'],['瑞恩·库格勒'],['2018'],['134'],"['查德维克·博斯曼', '露皮塔·尼永奥', '迈克尔·B·乔丹', '丹娜·奎里拉', '马丁·弗瑞曼', '丹尼尔·卡卢亚', '利蒂希娅·赖特', '温斯顿·杜克', '斯特林·K·布朗', '安吉拉·贝塞特', '福里斯特·惠特克', '安迪·瑟金斯', '弗洛伦丝·卡松巴', '约翰·卡尼', '大卫·S·李', '娜比娅·毕']",['黑豹 Black Panther'],"['动作', '科幻', '冒险']",['6.5'],['331599'],[' 斯瓦希里语 / 英语 / 科萨语 / 韩语']
[' 日本'],['是枝裕和'],['2018'],['117'],"['中川雅也', '安藤樱', '松冈茉优', '城桧吏', '佐佐木美结', '树木希林', '绪形直人', '池松壮亮', '森口瑶子', '山田裕贵', '片山萌美', '柄本明', '高良健吾', '池胁千鹤']",['小偷家族 万引き家族'],"['剧情', '家庭', '犯罪']",['8.7'],['411669'],[' 日语']
[' 英国 / 美国'],['布莱恩·辛格'],['2018'],['135'],"['拉米·马雷克', '本·哈迪', '约瑟夫·梅泽罗', '格威利姆·李', '艾伦·里奇', '露西·宝通', '艾丹·吉伦', '汤姆·霍兰德', '麦克·梅尔斯', '阿隆·麦克卡斯克', '梅内卡·达斯', '迪基·博', '蒂姆· 普莱斯特', '杰克·罗思', '马克斯·班内特', '基兰·哈德卡斯托', '罗斯·格林', '布鲁斯·麦克金伦', '米歇尔·邓肯', '马特·格林伍德', '罗茜·本杰明', '约翰·奥特曼', '詹姆斯·华莱士', '文森特·阿德里安', '拉斯科·阿特金斯', '乔纳森·奇塔姆', '迈克尔·科布', '耶稣·加洛', '亚当·兰伯特', '豪尔赫·莱昂·马丁内斯', '杰森· 莱恩斯', '伊斯雷尔·鲁兹']",['波西米亚狂想曲 Bohemian Rhapsody'],"['剧情', '音乐', '传记']",['8.7'],['285570'],[' 英语']
[' 中国大陆'],['娄烨'],['2018'],['124'],"['井柏然', '宋佳', '马思纯', '秦昊', '陈妍希', '张颂文', '陈冠希', '颜卓灵', '王维申', '胡伶', '黄伊凡', '陈伟榕', '单宝中', '梁致力', '罗义民']",['风中有朵雨做的云'],"['剧情', '悬疑', '犯罪']",['7.3'],['232697'],[' 汉语普通话 / 粤语']
[' 中国大陆'],['苏伦'],['2018'],['101'],"['雷佳音', '佟丽娅', '张衣', '于和伟', '王正佳', '陶虹', '李念', '李光洁', '杨玏', '范明', '徐峥', '杨迪', '方龄', '陈昊']",['超时空同居'],"['喜剧', '爱情', '奇幻']",['6.9'],['367159'],[' 汉语普通话']
[' 美国 / 英国'],['大卫·叶茨'],['2018'],['134'],"['埃迪·雷德梅恩', '凯瑟琳·沃特斯顿', '约翰尼·德普', '裘德·洛', '埃兹拉·米勒', '丹·福勒', '艾莉森·萨多尔', '佐伊·克罗维兹', '卡勒姆·特纳', '金秀贤', '威廉·纳迪兰', '凯文·格思里', '卡门·艾乔戈', '沃尔夫·罗特', '德里克·里德尔', '科内尔·约翰', '英格瓦·埃盖特·西古德松', '波佩·科比-特曲', '西蒙·米考克', '大卫·樱井', '维多利亚·耶茨', '奥拉维尔·达里·奥拉夫松', '大卫·威尔莫特', '艾德·高根', '奥莉维亚·波皮卡', '阿尔菲·西蒙斯', '菲奥娜·格拉斯科特', '杰米·坎贝尔·鲍尔', '托比·瑞格波', '约书亚·谢伊', '布隆蒂斯·佐杜洛夫斯基', '杰西卡·威廉姆斯', '欧文·弗热瑞', '休·夸希', '塔希尔·布尔汉', '迈克尔·科布', '萨比恩·克洛森', '亚历珊德拉·福特', '肖恩·吉斯灵厄姆', '通恰伊·古奈什', '迈克尔·海登', '露丝·霍洛克斯', '泰·赫尔利', '纳西尔·贾玛', '卡米尔·雷米泽斯基', '迪诺·布加迪']",['神奇动物：格林德沃之罪 Fantastic Beasts: The Crimes of Grindelwald'],"['奇幻', '冒险']",['7.1'],['316382'],[' 英语']
[' 中国大陆'],['郑芬芬'],['2018'],['115'],"['张子枫', '彭昱畅', '赵今麦', '孙泽源', '周翊然', '刘冠毅', '姜宏波', '徐光宇']",['快把我哥带走'],"['喜剧', '奇幻']",['6.8'],['232448'],[' 汉语普通话']
[' 中国大陆 / 香港'],['张艺谋'],['2018'],['116'],"['邓超', '孙俪', '郑恺', '王千源', '王景春', '胡军', '关晓彤', '吴磊', '封柏']",['影'],"['剧情', '动作', '武侠', '古装']",['7.2'],['410965'],[' 汉语普通话']
[' 中国大陆'],['韩延'],['2018'],['132'],"['李易峰', '迈克尔·道格拉斯', '周冬雨', '曹炳琨', '王戈', '苏可']",['动物世界'],"['剧情', '动作', '冒险']",['7.2'],['363483'],[' 汉语普通话 / 英语']
[' 美国 / 中国大陆'],['特拉维斯·奈特'],['2018'],['114'],"['海莉·斯坦菲尔德', '小豪尔赫·兰登伯格', '约翰·塞纳', '杰森·德鲁克', '帕梅拉·阿德龙', '斯蒂芬·施耐德', '里卡多·霍约斯', '约翰·奥提兹', '格林·特鲁曼', '兰·卡琉', '格蕾丝·达斯恩妮', '弗里德·杜莱尔', '蓝尼·雅各布森 ', '梅金·普莱斯', '萨钦·巴特', '蒂姆·马丁·格里森', '安东尼奥·查丽蒂', '艾德文·霍德吉', '拉斯·斯兰德', '迪伦·奥布莱恩', '彼特·库伦', '安吉拉·贝塞特', '贾斯汀·塞洛克斯', '大卫·索博洛夫', '格蕾·德丽斯勒', '史蒂夫·布卢姆', '安德鲁·莫尔加多', '威廉·W·巴伯', '罗伯特·切斯纳特', '米歇尔·方', '克里斯蒂安·哈切森', '里克·理查森', '瓦内萨·罗斯', '波士顿·拉什·弗里曼', '托尼·托斯特', '迪娜·特鲁迪', '艾蒂安·维克']",['大黄蜂 Bumblebee'],"['动作', '科幻', '冒险']",['7.0'],['263998'],[' 英语']
[' 美国'],['大卫·雷奇'],['2018'],['119'],"['瑞恩·雷诺兹', '乔什·布洛林', '朱利安·迪尼森', '斯蒂芬·卡皮契奇', '莎姬·贝兹', 'T·J·米勒', '莱斯利·格塞斯', '卡兰·索尼', '布里安娜·希德布兰德', '莫蕾娜·巴卡琳', '杰克·凯西', '埃迪·马森', '忽那汐里', '兰德尔·瑞德', '尼古莱·维切尔', '赛尔·哈里斯', '罗伯·德兰尼', '刘易斯·谭', '比尔·斯卡斯加德', '泰瑞·克鲁斯', '布拉德·皮特', '罗伯特·梅耶', '艾伦·图代克', '马特·达蒙', '海莉·塞尔斯', '麦克·多普德', '卢克·勒斯勒尔', '亨特·狄龙', '大卫·雷奇', '山姆·哈格雷夫', '尼古拉斯·霍尔特']",['死侍2：我爱我家 Deadpool 2'],"['喜剧', '动作', '科幻', '冒险']",['7.3'],['283502'],[' 英语']
[' 美国 / 西班牙'],['胡安·安东尼奥·巴亚纳'],['2018'],['128'],"['克里斯·帕拉特', '布莱丝·达拉斯·霍华德', '贾斯蒂斯·史密斯', '伊莎贝拉·瑟蒙', '拉菲·斯波', '托比·琼斯', '泰德·拉文', '詹姆斯·克伦威尔', '黄荣亮', '丹妮艾拉·皮内达', '杰拉丁·卓别林', '杰夫·高布伦', '卡米尔·雷米泽斯基', '丹尼尔·斯蒂森', '皮特·杰森', '迈克尔·帕帕约翰', '罗伯特·埃姆斯', '罗南·萨莫尔斯', '麦克斯·贝克', '丹尼尔·厄根', '戴维·奥拉瓦莱·阿印德']",['侏罗纪世界2 Jurassic World: Fallen Kingdom'],"['动作', '科幻', '冒险']",['6.7'],['281042'],[' 英语']
[' 中国大陆 / 香港'],['许诚毅'],['2018'],['110'],"['梁朝伟', '白百何', '井柏然', '李宇春', '杨祐宁', '大鹏', '吴君如', '曾志伟', '黄磊', '柳岩', '吴莫愁', '伍嘉成', '赵磊', '谷嘉诚', '彭楚粤', '陈泽希', '郭子凡', '肖战', '焉栩嘉', '夏之光', '姜超', '娄艺潇', '张俪']",['捉妖记2'],"['喜剧', '奇幻']",['5.0'],['217998'],[' 汉语普通话']
[' 中国大陆'],['吴昱翰'],['2018'],['113'],"['黄才伦', '艾伦', '宋阳', '卢靖姗', '沈腾', '韩彦博', '陈冰', '张镨冉', '王宇', '赵雪', '常远', '王成思', '张琛', '魏玮', '陶亮', '朱微玮', '芦莹', '李海银', '何子君', '高海宝', '刘坤', '钱晨光', '乌日塔', '杨洁', '向斐', '何孟卓', '王野苓', '喜子', '张琳']",['李茶的姑妈'],['喜剧'],['4.6'],['212754'],[' 汉语普通话']
[' 日本'],['大根仁'],['2018'],['119'],"['筱原凉子', '广濑铃', '板谷由夏', '小池荣子', '友坂理惠', '渡边直美', '池田依来沙', '山本舞香', '野田美櫻', '田边桃子', '富田望生', '三浦春马', '中川雅也', '新井浩文', '矢本悠马']",['阳光姐妹淘 SUNNY 強い気持ち・強い愛'],"['剧情', '喜剧', '歌舞']",['8.3'],['16973'],[' 日语']
[' 美国 / 中国大陆 / 法国 / 挪威'],['克里斯托弗·麦奎里'],['2018'],['147'],"['汤姆·克鲁斯', '亨利·卡维尔', '文·瑞姆斯', '西蒙·佩吉', '丽贝卡·弗格森', '西恩·哈里斯', '安吉拉·贝塞特', '凡妮莎·柯比', '米歇尔·莫纳汉', '韦斯·本特利', '费雷德里克·施密特', '亚历克·鲍德温', '杨亮', '克里斯托弗·约纳尔', '沃尔夫·布利策', '拉斐尔·琼勒', '安德鲁·卡扎纳夫·平', '克里斯多夫·德·舒瓦西', '拉裴尔·德普雷', '让·巴普蒂斯特·菲永', '马克斯·盖勒', '奥利维尔·体班德', '亚历山大·普尔', '阿利克斯·贝纳泽什', '乔伊·安沙', '维利贝·托皮奇', '格雷厄姆·福克斯', '卡斯珀·菲利普森', '菲恩·乔利', '鲁斯·贝恩', '奈杰尔·艾伦']",['碟中谍6：全面瓦解 Mission: Impossible - Fallout'],"['动作', '惊悚', '冒险']",['8.1'],['382985'],[' 英语 / 法语']
[' 中国大陆'],['刘若英'],['2018'],['120'],"['井柏然', '周冬雨', '田壮壮', '曲哲明', '刘启恒', '苏小明', '邹倚天', '张子贤', '施予斐', '李剑青']",['后来的我们'],"['剧情', '爱情']",['5.9'],['264978'],[' 汉语普通话']
[' 美国'],"['菲尔·约翰斯顿', '瑞奇·摩尔']",['2018'],['112'],"['约翰·C·赖利', '萨拉·西尔弗曼', '盖尔·加朵', '塔拉吉·P·汉森', '杰克·麦克布瑞尔', '简·林奇', '艾伦·图代克', '阿尔弗雷德·莫里纳', '艾德·奥尼尔', '肖恩·吉布朗尼', '弗卢拉·博格', '蒂莫西·西蒙斯', '黄阿丽', '韩秘书·布雷克', '葛洛泽尔·格林', '瑞贝卡·薇索基', '山姆·理查森', '雅布其·杨-怀特', '莫里斯·拉马奇', '梅丽莎·维拉斯诺', '凯蒂·洛斯', '贾米·埃曼', '霍拉提奥·桑斯', '亚历克斯·莫法特', '琼·斯奎布', '德拉·萨巴', '菲尔·约翰斯顿', '约翰·迪·玛吉欧', '瑞奇·摩尔', '科琳·巴林杰', '达尼·费尔南德斯', '蒂芙妮·赫雷拉', '阿娜·奥缇兹', '迪安娜·阿格隆', '杰森·曼兹沃克斯', '雷蒙德·S·佩尔西', '伏霞', '罗杰·克莱格·史密斯', '蒂姆·艾伦', '布拉德·加内特', '安东尼·丹尼尔斯', '科里·伯顿', '范·迪塞尔', '维韦卡·波林', '迈克·吉亚奇诺', '凯文·迪特斯', '尼可·斯彻金格', '丹·雷诺斯', '艾琳·贝达', '克里斯汀·贝尔', '裘蒂·班森', '奥丽伊·卡瓦洛', '詹妮弗·黑尔', '凯特·希金斯', '琳达·拉金', '凯莉·麦克唐纳', '伊迪娜·门泽尔', '曼迪·摩尔', '佩吉·奥哈拉', '帕米拉·里本', '阿尼卡·诺尼·罗斯', '温明娜', '珍妮卡·贝尔格雷', '比尔·哈德尔']",['无敌破坏王2：大闹互联网 Ralph Breaks the Internet'],"['喜剧', '动画', '奇幻', '冒险']",['8.1'],['231189'],[' 英语']
[' 中国大陆'],['落落'],['2018'],['104'],"['赵英博', '任敏', '辛云来', '章若楠', '朱丹妮']",['悲伤逆流成河'],"['剧情', '爱情']",['5.9'],['148439'],[' 汉语普通话']
[' 美国'],['布拉德·伯德'],['2018'],['118'],"['格雷格·T·尼尔森', '霍利·亨特', '莎拉·沃威尔', '赫克·米尔纳', '伊莱·富西尔', '凯瑟琳·基纳', '塞缪尔·杰克逊', '伊莎贝拉·罗西里尼', '鲍勃·奥登科克', '布拉德·伯德', '索菲亚·布什', '乔纳森·班克斯', '约翰·拉岑贝格', '金伯利·阿代尔·克拉克', '托亚·特纳']",['超人总动员2 Incredibles 2'],"['喜剧', '动作', '动画', '冒险']",['7.9'],['177728'],[' 英语']
[' 台湾'],['林孝谦'],['2018'],['105'],"['陈意涵', '刘以豪', '张书豪', '陈庭妮', '吴映洁', '禾浩辰', '游大庆', '石知田', '黄丽玲', '姚爱宁']",['比悲伤更悲伤的故事 比悲傷更悲傷的故事'],['爱情'],['4.8'],['105395'],[' 汉语普通话']
[' 中国大陆 / 香港'],['徐克'],['2018'],['132'],"['赵又廷', '冯绍峰', '林更新', '阮经天', '马思纯', '刘嘉玲', '盛鉴', '杨一威', '唐古特·宝日夫', '张傲月', '孙蛟龙', '汪汐潮', '铁男', '李炳雷', '许明虎']",['狄仁杰之四大天王'],"['动作', '悬疑', '奇幻', '武侠', '古装']",['6.1'],['208623'],[' 汉语普通话']
[' 中国大陆'],['白雪'],['2018'],['99'],"['黄尧', '孙阳', '汤加文', '倪虹洁', '江美仪', '廖启智', '焦刚']",['过春天'],['剧情'],['7.8'],['123310'],[' 汉语普通话 / 粤语']
[' 美国 / 俄罗斯'],['阿尼什·查甘蒂'],['2018'],['102'],"['约翰·赵', '米切尔·拉', '黛博拉·梅辛', '约瑟夫·李', '萨拉·米博·孙', '亚历克丝·杰恩·高', '刘玥辰', '刘卡雅', '多米尼克·霍夫曼', '西尔维亚·米纳西安', '梅丽莎·迪斯尼', '康纳·麦克雷斯', '科林·伍德尔', '约瑟夫·约翰·谢尔勒', '阿什丽·艾德纳', '考特尼·劳伦·卡明斯', '托马斯·巴布萨卡', '朱莉·内桑森', '罗伊·阿布拉姆森', '盖奇·比尔托福', '肖恩·奥布赖恩', '瑞克·萨拉比亚', '布拉德·阿布瑞尔', '加布里埃尔·D·安吉尔']",['网络谜踪 Searching'],"['剧情', '悬疑', '惊悚', '犯罪']",['8.6'],['284564'],[' 英语']
[' 中国大陆'],['岩井俊二'],['2018'],['114'],"['周迅', '秦昊', '杜江', '张子枫', '邓恩熙', '边天扬', '吴彦姝', '谭卓', '胡歌', '胡昌霖', '李春明', '穆龙', '刘靖宇', '高炳然', '白素娟', '刘思博', '常海波', '李勇', '刘笑语', '赵芙丽', '建圳', '郭德诚', '王靖宇', '孙萍', '李泽宇', '仇硕康', '艺涵', '李昊芳', '王子璇', '王远达', '于建波', '张俊宇']",['你好，之华'],"['剧情', '爱情']",['6.7'],['186064'],[' 汉语普通话']
[' 美国'],['罗森·马歇尔·瑟伯'],['2018'],['102'],"['道恩·强森', '内芙·坎贝尔', '黄经汉', '罗兰·默勒', '麦肯纳·罗伯茨', '诺亚·科特雷尔', '诺亚·泰勒', '巴勃罗·施瑞博尔', '凯文·兰金', '昆凌', '文峰', '马特·欧莱瑞', '比特里斯·金', '马志', '保罗·麦克吉莱恩', '吴嘉星', '艾德里安·霍姆斯', '维努斯·特雷佐', '杰特·克莱恩', '拜伦·劳森', '关永扬', '法比欧·塔索恩', '卡洛·余']",['摩天营救 Skyscraper'],"['动作', '惊悚', '冒险']",['6.3'],['127087'],[' 英语 / 粤语 / 汉语普通话']
[' 美国 / 中国大陆 / 香港'],['乔·德特杜巴'],['2018'],['115'],"['杰森·斯坦森', '李冰冰', '雷恩·威尔森', '鲁比·罗丝', '赵文瑄', '佩吉·肯尼迪', '杰西卡·麦克娜美', '奥拉维尔·达里·奥拉夫松', '罗伯特·泰勒', '蔡书雅', '丘增', '克利夫·柯蒂斯', '安佑森', '罗伯·基帕-威廉姆斯', '维他亚·潘斯林加姆', '安得烈·格兰杰', '蒂姆·王', '史蒂文·A·戴维斯', '托万达·马尼莫', '买红妹']",['巨齿鲨 The Meg'],"['动作', '科幻', '惊悚']",['5.7'],['159096'],[' 英语 / 汉语普通话 / 泰语']
[' 香港'],['林德禄 '],['2018'],['97'],"['古天乐', '张智霖', '郑嘉颖', '邓丽欣', '栢天男', '谢天华', '张继聪', '夏嫣', '蔡瀚亿', '廖启智', '谭耀文', '卢海鹏', '罗兰', '麦长青', '张松枝', '陈庭欣', '丁海峰', '冯雷', '李昕岳']",['反贪风暴3 L風暴'],"['剧情', '动作', '犯罪']",['5.7'],['82751'],[' 粤语 / 汉语普通话']
[' 中国大陆'],['韦正'],['2018'],['117'],"['陈赫', '袁弘', '娄艺潇', '邓家佳', '孙艺洲', '李佳航', '李金铭', '刘天佐', '赵志伟', '张双利', '南派三叔', '韦正', '汪远', '朱桢', '于立', '榕榕', '罗姝涵', '许和琪', '刘雨昕', '张希雅', '孔雪儿', '关凯元', '张悠然', '三名制-5', '丧钟大师', '老驴', '张天馨', '刘宇馨', '陈旭明', '王思博', '赵子豪', '杨朕', '郝宇', '徐梦洁', '常钰', '韩丹', '严丰', '郭林钧']",['爱情公寓'],"['喜剧', '冒险']",['3.1'],['202179'],[' 汉语普通话']
[' 美国 / 英国'],['亚历克斯·嘉兰'],['2018'],['115'],"['娜塔莉·波特曼', '詹妮弗·杰森·李', '吉娜·罗德里格兹', '泰莎·汤普森', '奥斯卡·伊萨克', '水野索诺娅', '大卫·吉雅西', '图娃·诺沃妮', '本尼迪克特·王', '约翰·施瓦布', '萨米·海曼', '乔希·丹福德', '克里斯汀·麦加里蒂']",['湮灭 Annihilation'],"['剧情', '科幻', '惊悚']",['7.1'],['248807'],[' 英语']
[' 法国 / 美国 / 英国'],['大卫·科尔'],['2018'],['89'],"['罗温·艾金森', '本·米勒', '欧嘉·柯瑞兰寇', '杰克·莱西', '艾玛·汤普森', '米兰达·亨妮莎', '亚当·詹姆斯', '萨曼莎·罗素', '大卫·穆梅尼', '通恰伊·古奈什', '梶冈润一', '埃迪·奥康奈尔', '尼克·欧文福特', '马修·比尔德']",['憨豆特工3 Johnny English Strikes Again'],"['喜剧', '动作', '冒险']",['6.4'],['58465'],[' 英语']
[' 中国大陆'],['任鹏远'],['2018'],['114'],"['徐峥', '王丽坤', '王砚辉', '段博文', '任达华', '于和伟', '朱珠', '赵达', '谢楠', '鲍晓']",['幕后玩家'],"['剧情', '悬疑', '犯罪']",['5.7'],['136484'],[' 汉语普通话']
[' 中国大陆'],['吕乐'],['2018'],['102'],"['姚晨', '马伊琍', '袁文康', '吴昊宸', '王梓尘', '陶昕然', '高叶', '齐欢']",['找到你'],"['剧情', '家庭']",['7.4'],['146607'],[' 汉语普通话']
[' 美国 / 中国大陆'],['斯蒂文·S·迪奈特'],['2018'],['111'],"['约翰·博耶加', '斯科特·伊斯特伍德', '卡莉·史派妮', '景甜', '查理·戴', '伯恩·戈曼', '张晋', '亚德里亚·霍纳', '菊地凛子', '卡兰·布拉尔', '黄恺杰', '伊万娜·萨赫诺', '新田真剑佑', '吉丽', '雪莉·罗德里格斯', '拉哈特·亚当斯', '列维·米登', '达斯汀·克莱尔', '陈梓童', '于小伟', '钱泳辰', '郭家铭', '蓝盈莹', '金桢勋', '菊池润美', '丹尼尔·弗雷里格尔', '齐柏林·汉密尔顿', '尼克·塔拉贝', '布里德基·萨蒂纳', '小蒂姆·约翰逊', '玛德琳·麦格劳', '乔什·斯坦伯', '斯蒂芬妮·阿琳', '卢克·朱迪']",['环太平洋：雷霆再起 Pacific Rim: Uprising'],"['动作', '科幻', '冒险']",['5.5'],['176577'],[' 英语 / 汉语普通话']
[' 中国大陆'],['于淼'],['2018'],['103'],"['佟大为', '马丽', '霍思燕', '乔杉', '田雨', '代乐乐', '奚梦瑶', '艾伦', '张晨光', '杨玏', '李成敏', '许娣', '李萍', '张帆', '徐冬冬', '何泓姗', '姜来', '刘奇', '杜江', '钟鹿纯', '丁龙儿', '丁歌', '韩昕妤', '耿杨', '李柄熹', '刘润男', '贝镜水', '李伟', '赵宇涵', '马嘉璐', '津玮', 'Aleksandr', '毕大勋', '刘剑', '常诚', 'Natalya', '李恬洁', '贝乐乐']",['来电狂响'],"['剧情', '喜剧']",['5.8'],['194624'],[' 汉语普通话']
[' 中国大陆 / 香港'],['郑保瑞'],['2018'],['116'],"['郭富城', '冯绍峰', '赵丽颖', '小沈阳', '罗仲谦', '林志玲', '梁咏琪', '刘涛', '孙伊涵', '苑琼丹', '潘斌龙', '陈雅丽', '施诗']",['西游记女儿国'],"['喜剧', '爱情', '奇幻']",['4.4'],['110422'],[' 汉语普通话']
[' 中国大陆 / 法国 / 日本'],['贾樟柯'],['2018'],['137'],"['赵涛', '廖凡', '徐峥', '梁嘉艳', '刁亦男', '张一白', '丁嘉丽', '张译', '董子健', '李宣', '查娜', '冯家妹', '康亢', '张晓军', '柳敏', '王谭', '原文倩']",['江湖儿女'],"['爱情', '犯罪']",['7.6'],['186678'],[' 汉语普通话 / 山西方言 / 湖北方言 / 重庆方言']
[' 日本'],['立川让'],['2018'],['110'],"['高山南', '山崎和佳奈', '小山力也', '山口胜平', '林原惠美', '绪方贤一', '岩居由希子', '高木涉', '大谷育江', '松井菜樱子', '榎本充希子', '高岛雅罗', '百百麻子', '岸野幸正', '飞田展男', '茶风林', '井上和彦', '汤屋敦子', '千叶一伸', '富永美伊奈', '川岛得爱', '浦山迅', '中友子', '私市淳', '志村知幸', '鸟海胜美', '冈村明美', '西前忠久', '利根健太朗', '庄司宇芽香', '川原庆久', '安村直树', '诸国沙代子', '博多大吉', '上户彩', '古谷彻']",['名侦探柯南：零的执行人 名探偵コナン ゼロの執行人'],"['动画', '悬疑']",['5.8'],['77040'],[' 日语']
[' 美国'],['约翰·卡拉辛斯基'],['2018'],['90'],"['艾米莉·布朗特', '约翰·卡拉辛斯基', '米利森特·西蒙兹', '诺亚·尤佩', '凯德·伍德沃德', '里昂·拉瑟姆', '桃乐丝·麦卡锡']",['寂静之地 A Quiet Place'],"['惊悚', '恐怖']",['6.3'],['198949'],[' 美国手语 / 英语']
[' 美国'],['盖瑞·罗斯'],['2018'],['110'],"['桑德拉·布洛克', '凯特·布兰切特', '安妮·海瑟薇', '海伦娜·伯翰·卡特', '蕾哈娜', '莎拉·保罗森', '敏迪·卡灵', '奥卡菲娜', '詹姆斯·柯登', '理查德·阿米蒂奇', '格里芬·邓恩', '迪德尔·古德温', '丹尼埃拉·拉贝尼', '埃利奥特·古尔德', '夏洛特·柯克', '达科塔·范宁', '理查德·罗比查乌克斯', '达米安·杨', '戈登·格里克', '凯特琳·梅纳', '詹姆斯·比贝里', '香农·弗雷尔', '康纳尔·多诺万', '凯文·布朗', '马尔洛·托马斯', '丹娜·爱薇', '玛丽·路易丝·威尔逊', '伊丽莎白·阿什利', '凯蒂·霍尔姆斯', '肯多尔·詹纳', '凯莉·詹娜', '金·卡戴珊']",['瞒天过海：美人计 Ocean&#39;s Eight'],"['喜剧', '犯罪']",['6.7'],['156709'],[' 英语 / 印地语 / 法语 / 德语 / 汉语普通话']
[' 中国大陆'],['包贝尔'],['2018'],['108'],"['文章', '包贝尔', '郭京飞', '李成敏', '辣目洋子', '许君聪', '曾一竣', '张梦露', '戚玉武', '仓田保昭', '木幡龙', '宋佳', '文隽']",['胖子行动队'],"['喜剧', '动作']",['4.2'],['56569'],[' 汉语普通话']
[' 美国'],['罗阿尔·乌索格'],['2018'],['118'],"['艾丽西亚·维坎德', '多米尼克·威斯特', '沃尔顿·戈金斯', '吴彦祖', '克里斯汀·斯科特·托马斯', '汉娜·乔恩-卡门', '尼克·弗罗斯特', '德里克·雅各比', '安东尼奥·阿克儿', '亚历山大·维尧姆', '杰美·温斯顿', '迈克尔·奥拜奥拉', '艾米丽·凯里', '肯尼思·霍']",['古墓丽影：源起之战 Tomb Raider'],"['动作', '冒险']",['6.0'],['118909'],[' 英语']
[' 美国'],"['拉斯·霍尔斯道姆', '乔·庄斯顿']",['2018'],['99'],"['麦肯吉·弗依', '摩根·弗里曼', '凯拉·奈特莉', '马修·麦克费登', '海伦·米伦', '艾丽·巴姆博', '米兰达·哈特', '欧赫尼奥·德尔维斯', '杰克·怀特霍尔', '理查德·E·格兰特', '谢尔盖·波卢宁', '欧米德·吉亚李利', '梅拉·沙尔', '尼克·穆罕默德', '杰茜·维宁', '汤姆·斯威特', '马里安·洛伦西克', '芙洛·费拉科', '丽塔-麦克唐纳丹帕', '查尔斯·斯特里特']",['胡桃夹子和四个王国 The Nutcracker And The Four Realms'],"['奇幻', '冒险']",['6.0'],['52350'],[' 英语']
[' 美国'],['布拉德·佩顿'],['2018'],['107'],"['道恩·强森', '娜奥米·哈里斯', '杰弗里·迪恩·摩根', '玛琳·阿克曼', '杰克·莱西', '乔·曼根尼罗', '玛丽·谢尔顿', 'P·J·伯恩', '德米垂斯·格罗斯', '杰克·奎德', '布里安·希尔', '马特·杰拉德', '李威尹', '尤里亚·费伯', '布鲁斯·布莱克希尔', '杰森·莱尔斯', '马克·威尔斯', '阿莉莎·布鲁克', '亚当·希泰凯尔', '加里·维克斯', '阿诺德·陈']",['狂暴巨兽 Rampage'],"['动作', '科幻', '冒险']",['6.4'],['116255'],[' 英语']
[' 中国大陆 / 法国'],['毕赣'],['2018'],['138'],"['汤唯', '黄觉', '张艾嘉', '李鸿其', '陈永忠', '罗飞扬', '曾美慧孜', '段钧豪', '谢理循', '齐溪', '明道', '龙泽治']",['地球最后的夜晚'],"['剧情', '爱情', '悬疑']",['6.8'],['153652'],[' 贵州方言 / 汉语普通话']
[' 日本'],['福泽克雄'],['2018'],['119'],"['阿部宽', '松岛菜菜子', '沟端淳平', '田中丽奈', '木村绿子', '乌丸节子', '春风亭升太', '音尾琢真', '饭丰万理江', '上杉祥三', '中岛博子', '樱田日和', '及川光博', '伊藤兰', '小日向文世', '山崎努', '香川照之', '杏']",['祈祷落幕时 祈りの幕が下りる時'],"['剧情', '悬疑']",['8.0'],['92836'],[' 日语']
[' 中国大陆'],['万玛才旦'],['2018'],['87'],"['金巴', '更登彭措', '索朗旺姆']",['撞死了一只羊'],['剧情'],['7.2'],['25952'],[' 藏语']
[' 意大利'],['斯蒂法诺·摩尔蒂尼'],['2018'],['102'],"['里卡多·斯卡马乔', '米莱姆·里昂', '马丽娅·派雅托', '法布里齐奥·本蒂沃利奥', '萨拉·卡迪纳莱蒂', '尼古拉·潘内利', '塞尔吉奥·罗马诺', '阿斯卡尼奥·巴尔博', '保罗·桑博', '杰拉尔多·德布拉西奥', '亚历山德拉·卡里略']",['看不见的客人(意大利版) Il testimone invisibile'],"['剧情', '悬疑', '惊悚', '犯罪']",['9.0'],['3456'],[' 意大利语']
[' 中国大陆'],['刘阔'],['2018'],['105'],"['路知行', '阎萌萌', '褚珺', '边江', '山新', '郭政建', '张震', '苗壮', '王冠南', '张博恒', '惠龙', '王凯', '苏俣', '白雪岑', '赵述仁', '刘梓乾', '王思琦', '刘美奂']",['风语咒'],"['动画', '奇幻']",['6.9'],['94652'],[' 汉语普通话']
[' 澳大利亚 / 美国 / 印度'],['安东尼·马拉斯'],['2018'],['123'],"['艾米·汉莫', '纳赞宁·波妮阿蒂', '戴夫·帕特尔', '詹森·艾萨克', '阿努潘·凯尔', '刘承羽', '安格斯·麦克拉伦', '萨钦·乔伯', '蒂尔达·格哈姆-哈维', '维品·沙尔马', '阿布罗伊·辛格', '迪维亚·阿妮', '桑迪普·博雅卡', '齐尼亚·斯塔尔']",['孟买酒店 Hotel Mumbai'],"['剧情', '惊悚', '历史']",['8.4'],['18445'],[' 英语 / 印地语 / 旁遮普语 / 希腊语 / 俄语 / 阿拉伯语 / 乌尔都语 / 波斯语']
[' 美国'],['斯蒂芬·思科'],['2018'],['92'],"['科林·伍德尔', '斯蒂芬妮·诺格拉斯', '瑞贝卡·瑞滕豪斯', '安德鲁斯·李斯', '贝蒂·加布里埃尔', '康纳·戴尔·里奥', '萨维拉·温蒂亚尼', '切尔西·阿尔登', '道格拉斯·泰特', '阿什顿·斯迈利', '阿历萨·芒索']",['解除好友2：暗网 Unfriended: Dark Web'],"['恐怖', '犯罪']",['7.9'],['108547'],[' 英语']
[' 美国'],['韦斯·鲍尔'],['2018'],['142'],"['迪伦·奥布莱恩', '卡雅·斯考达里奥', '李起弘', '托马斯·布罗迪-桑斯特', '罗莎·萨拉查', '德克斯特·达登', '艾丹·吉伦', '威尔·保尔特', '吉安卡罗·埃斯波西托', '沃尔顿·戈金斯', '派翠西娅·克拉克森', '巴里·佩珀']",['移动迷宫3：死亡解药 Maze Runner: The Death Cure'],"['动作', '科幻', '冒险']",['5.3'],['62345'],[' 英语']
[' 美国'],['布莱德利·库珀'],['2018'],['135'],"['Lady Gaga', '布莱德利·库珀', '山姆·艾里奥特', '安德鲁·戴斯·克雷', '拉菲·格拉沃恩', '安东尼·拉莫斯', '大卫·查普尔', '亚历克·鲍德温', '马龙·威廉姆斯', '布兰迪·卡莉', '朗·瑞弗金', '巴里·沙巴卡·亨利', '迈克尔·D·罗伯茨', '迈克尔·哈尔尼', '丽贝卡·菲尔德', '威廉·贝利', '格雷戈·格伦伯格', 'D·J·尚格拉·皮尔斯', '德瑞娜·德尼罗', '艾迪·格里芬', '哈尔希', '马修·利巴提克', '路奈尔·坎贝尔', '唐·渥斯', '伦尼·卡斯特罗', '唐·罗伊·金', '格雷戈里·斯卡尔尼奇', '弗兰克·安妮罗', '杰尔马诺·布兰科', '梅根·豪恩', '马克·查普曼', '史蒂文·西塞罗', '阿曼达·菲尔茨', '阿尔弗雷德·加比杜林', '弗雷德里克·基夫']",['一个明星的诞生 A Star Is Born'],"['剧情', '爱情', '音乐']",['7.2'],['71528'],[' 英语']
[' 中国大陆'],['奚超'],['2018'],['82'],"['苏尚卿', '王一博', '段艺璇', '马斑马', '林强']",['昨日青空'],"['爱情', '动画']",['6.1'],['44665'],[' 汉语普通话']
[' 中国大陆'],['肖央'],['2018'],['104'],"['肖央', '杜鹃', '常远', '小沈阳', '岳云鹏', '王小利', '衣云鹤', '蔡明']",['天气预爆'],"['喜剧', '奇幻']",['3.8'],['53593'],[' 汉语普通话']
[' 日本'],['长峰达也'],['2018'],['100'],"['野泽雅子', '堀川亮', '中尾隆圣', '岛田敏', '古川登志夫', '久川绫', '山寺宏一', '森田成一', '水树奈奈', '杉田智和', '宝龟克寿']",['龙珠超：布罗利 ドラゴンボール超 ブロリー'],"['动作', '动画', '奇幻', '冒险']",['7.4'],['24393'],[' 日语']
[' 美国'],['格恩迪·塔塔科夫斯基'],['2018'],['98'],"['亚当·桑德勒', '凯瑟琳·哈恩', '史蒂夫·布西密', '赛琳娜·戈麦斯', '阿什·布林克夫', '梅尔·布鲁克斯', '科甘-迈克尔·凯', '安迪·萨姆伯格', '法兰·德瑞雪', '大卫·斯佩德', '凯文·詹姆斯', '莫莉·香侬', '格恩迪·塔塔科夫斯基', '乔·怀特', '克莉丝汀·泰根', '乔·乔纳斯', '吉姆·加菲根']",['精灵旅社3：疯狂假期 Hotel Transylvania 3: Summer Vacation'],"['喜剧', '动画', '奇幻']",['6.7'],['79237'],[' 英语']
[' 中国大陆'],['李昕芸'],['2018'],['93'],"['王千源', '袁姗姗', '刘桦', '周游', '周云鹏', '张锦程', '沈腾']",['龙虾刑警'],"['喜剧', '动作', '犯罪']",['4.9'],['47169'],[' 汉语普通话']
[' 美国 / 德国'],['韦斯·安德森'],['2018'],['97'],"['布莱恩·科兰斯顿', '爱德华·诺顿', '科宇·兰金', '列维·施瑞博尔', '比尔·默瑞', '杰夫·高布伦', '鲍勃·巴拉班', '野村训市', '格蕾塔·葛韦格', '斯嘉丽·约翰逊', '蒂尔达·斯文顿', '弗兰西斯·麦克多蒙德', '罗曼·科波拉', '卡拉·海沃德', '高山明', '伊藤晃', '哈威·凯特尔', 'F·默里·亚伯拉罕', '小野洋子', '渡边谦', '夏木真理', '费舍·史蒂芬斯', '村上虹郎', '考特尼·万斯', '安杰丽卡·休斯顿', '野田洋次郎', '山田孝之', '秋元梢', '松田翔太', '松田龙平', '池田依来沙', '杰克·莱恩', '育乃介', '儿玉太智', '卡琳·奥克索', '弗兰克·伍德', '爱德华·博奇']",['犬之岛 Isle of Dogs'],"['喜剧', '动画', '冒险']",['8.3'],['165439'],[' 英语 / 日语']
[' 日本'],"['大森贵弘', '伊藤秀树']",['2018'],['104'],"['神谷浩史', '井上和彦', '高良健吾', '小林沙苗', '泽城美雪', '石田彰', '藤村步', '村濑步', '伊藤美纪', '伊藤荣次', '堀江一真', '佐藤利奈', '木村良平', '菅沼久义', '雪野五月', '川澄绫子', '樋口晓里', '冈村明美', '黑田崇矢', '长岛雄一', '松山鹰志', '下崎纮史', '知桐京子', '岛本须美']",['夏目友人帐 劇場版 夏目友人帳 ～うつせみに結ぶ～'],"['剧情', '动画', '奇幻']",['8.0'],['70119'],[' 日语']
[' 台湾'],"['徐誉庭', '许智彦']",['2018'],['100'],"['邱泽', '谢盈萱', '陈如山', '黄圣球', '周洺甫', '梁正群', '杨丽音', '安哲', '高隽雅', '吴定谦', '禾语辰', '钟欣凌', '万芳', '高爱伦']",['谁先爱上他的 誰先愛上他的'],"['剧情', '喜剧', '同性']",['8.6'],['167424'],[' 汉语普通话']
[' 中国大陆'],['郭德纲'],['2018'],['95'],"['岳云鹏', '吴京', '吴秀波', '井柏然', '林志玲', '王宝强', '大鹏', '吴君如', '李晨', '杜淳', '郑恺', '欧弟', '张国立', '贾乃亮', '张俪', '马苏', '萧敬腾', '汪东城', '于谦', '黄磊', '吴樾', '孙艺洲', '贾玲', '谢依霖', '孟非', '郭麒麟', '谢楠', '王小利', '张晨光', '刘蓓', '孙越']",['祖宗十九代'],"['喜剧', '奇幻']",['4.2'],['78624'],[' 汉语普通话']
[' 日本'],['牛岛新一郎'],['2018'],['108'],"['高杉真宙', 'Lynn', '藤井雪代', '内田雄马', '福岛润', '田中敦子', '三木真一郎']",['我想吃掉你的胰脏 君の膵臓をたべたい'],"['爱情', '动画']",['6.9'],['35471'],[' 日语']
[' 印度'],['R·巴尔基'],['2018'],['140'],"['阿克谢·库玛尔', '拉迪卡·艾普特', '索娜姆·卡普尔', '乔蒂·苏巴', '森尔·辛', '阿米达普·巴强', '雷·拉维']",['印度合伙人 Padman'],"['剧情', '喜剧', '传记']",['7.7'],['57153'],[' 印地语']
[' 美国'],['朱浩伟'],['2018'],['121'],"['吴恬敏', '亨利·戈尔丁', '杨紫琼', '嘉玛·陈', '奥卡菲娜', '卢燕', '岑勇康', '郑肯', '水野索诺娅', '吴育刚', '欧阳万成', '钱信伊', '瑞米·海依', '尼科·桑托斯', '陆思敬', '苏慧敏', '方展发', '谢宛谕', '维多利亚·洛克', '许优美', '郑花如', '许静雯', '卡尔文·王', '陈琼华', '刘佳镁', '陈美廪', '内万·科伊特', '阿曼达·埃文斯', '彼得·霍奇森', '安德斯·塔格', '丹尼尔·詹金斯', '彼得·卡罗尔', '黛博拉·杨', '查尔斯·格朗斯', '杰西卡·加莱蒂', 'Swee Huat Teo', '罗尼·纪', 'Isaac Boon Chuon Lee', '罗杰·谢克', 'Lee Zhi Jian', 'Lee Jun Wen', '拉塞尔·黄', '马尔库斯·莫', '杰瑞卡·黎', '乔·翁', '陈胤希', '德尔菲诺润二', 'Beatrice Chein', 'Tan En Yu', 'Tan En Dong', '姬丝·阿奎诺', 'Lucinda Lew', '黄苏珊', 'Tumurbaatar Enkhtungalag', '木下众平', '吉娜·格莱尼斯', '凯文·关', '斯蒂芬妮·欧阳', 'Leong Chun Chong', 'Ho Yan Xi', '兰斯·埃明格', '卡兰比尔·亨达尔', '斯蒂芬·杰克', '纪宝珠']",['摘金奇缘 Crazy Rich Asians'],"['喜剧', '爱情']",['6.1'],['77606'],[' 英语 / 汉语普通话 / 粤语']
[' 美国'],['格里格·伯兰蒂'],['2018'],['110'],"['尼克·罗宾森', '詹妮弗·加纳', '乔什·杜哈明', '小豪尔赫·兰登伯格', '凯瑟琳·兰福德', '亚历山德拉·希普', '洛根·米勒', '凯南·朗斯代尔', '特丽莎·贝特曼', '托尼·海尔', '娜塔莎·罗斯韦尔', '迈尔斯·赫尔泽', '乔伊·保罗瑞', '克拉克·穆尔', '德鲁·斯塔基', '麦肯兹·林茨', '卡萨迪·麦克林西', '艾莉克斯·斯甘巴蒂', '贾米拉·汤普森', '艾米丽·乔丹', '帕特里克·多诺霍', '特雷勒·希尔', '泰勒·切斯', '哈龙·汗', '约书亚·米克尔', '尼古拉斯·斯塔格尔', '南茜·德·梅奥', '克里斯蒂安·奥乔·梅菲尔德', '钱特尔·D·克里斯托弗', '曼迪·法森', '菲利普·科文', '罗比·罗杰斯']","['爱你，西蒙 Love, Simon']","['爱情', '同性']",['8.3'],['131808'],[' 英语']
[' 中国大陆'],['巨兴茂'],['2018'],['111'],"['于毅', '何花', '王瑞昌', '岳丽娜', '倪虹洁', '巨兴茂', '鲁佳妮']",['灵魂摆渡·黄泉'],"['悬疑', '惊悚', '奇幻']",['7.1'],['73359'],[' 汉语普通话']
[' 德国 / 意大利'],['弗洛里安·亨克尔·冯·多纳斯马尔克'],['2018'],['189'],"['汤姆·希林', '塞巴斯蒂安·科赫', '葆拉·贝尔', '莎斯琪亚·罗森道尔', '奥利弗·马苏奇', '叶甫根尼·希迪金', '马克·扎克', '乌尔里克·C·扎勒', '巴斯蒂安·特罗斯特', '汉斯-尤韦·鲍尔', '汉诺·科夫勒', '辛纳克·勋纳曼', '詹妮特·海因', '乔切·舒托夫', '约翰娜·加斯多夫', '弗罗里安·巴西奥罗麦', '本·贝克']",['无主之作 Werk ohne Autor'],['剧情'],['8.6'],['21307'],[' 德语 / 俄语']
[' 韩国'],['李沧东'],['2018'],['148'],"['刘亚仁', '史蒂文·元', '全钟瑞', '金秀京', '崔承浩', '玉子妍']",['燃烧 버닝'],"['剧情', '悬疑']",['7.9'],['154403'],[' 韩语']
[' 中国大陆'],['吴有音'],['2018'],['117'],"['赵又廷', '杨子姗']",['南极之恋'],"['爱情', '冒险']",['6.7'],['79967'],[' 汉语普通话']
[' 中国大陆'],['胡波'],['2018'],['234'],"['彭昱畅', '章宇', '王玉雯', '李从喜', '董向荣', '王柠', '赵燕国彰', '朱颜曼滋', '凌正辉', '王超北', '王雪洋']",['大象席地而坐'],['剧情'],['8.0'],['78224'],[' 汉语普通话']
[' 美国 / 英国 / 澳大利亚'],['威尔·古勒'],['2018'],['95'],"['詹姆斯·柯登', '多姆纳尔·格里森', '萝丝·拜恩', '伊丽莎白·德比茨基', '玛格特·罗比', '黛西·雷德利', '科林·穆迪', '山姆·尼尔', '希雅', '伊文·莱斯利', '费萨尔·巴齐', '克里斯蒂安·加扎尔', '玛丽安娜·琼-巴普蒂斯特', '加雷斯·戴维斯', '山姆·哈夫特', '萨莎·霍勒', '娜塔丽·朱', '特伦尼娅·爱德华兹', '费利克斯·威廉森', '许明珠', '布莱恩·布朗', '蕾切尔·沃德', '大卫·文翰', '威尔·赖歇尔特']",['比得兔 Peter Rabbit'],"['喜剧', '动画', '冒险']",['7.1'],['68646'],[' 英语']
[' 美国'],['韦恩·罗伯茨'],['2018'],['90'],"['约翰尼·德普', '佐伊·达奇', '罗丝玛丽·德薇特', '朗·里维斯顿', '贾斯汀·沃林顿 ', '丹尼·赫斯顿', '希芳·法隆', '帕洛玛·克维亚特科夫斯基', '奥黛莎·杨', '凯特琳·伯纳德', '法拉赫·阿维瓦', '琳达·伊蒙', '基斯·麦克科基尼', '德文·特雷尔', '丹尼斯·科贝特', '约兰达·科贝特', '马德里亚·斯卡尔韦纳']",['教授 The Professor'],"['剧情', '喜剧']",['7.6'],['4803'],[' 英语']
[' 印度'],['西达夫·马贺拉'],['2018'],['120'],"['拉妮·玛克赫吉', '内拉吉·卡比', '萨钦', '苏普丽雅·皮尔加卡尔', '罗特·萨拉夫', '维克拉姆·戈克哈尔', '雷伊·舒克拉', '阿西夫·巴斯拉', '加纳特·拉玛妮', '侯赛因·达拉尔', '伊万·罗德里格斯', '坤纳·斯内德', '哈许‧梅尔', '什库马尔·苏布拉马尼亚姆']",['嗝嗝老师 Hichki'],"['剧情', '喜剧']",['7.5'],['51499'],[' 印地语 / 英语']
[' 美国'],['克林特·伊斯特伍德'],['2018'],['116'],"['克林特·伊斯特伍德', 'Patrick L. Reyes', 'Cesar De León', 'Gustavo Muñoz', 'Jackie Prucha', '理查德·赫德', 'Adam Drescher', 'Christi McClintock', 'Keith Flippen', '艾莉森·伊斯特伍德', '黛安·韦斯特', '乔·奈泽维奇', '泰莎·法米加', '维克多·罗塞克', '罗伯特·拉萨多', '劳伦斯·菲什伯恩', '布莱德利·库珀', '迈克尔·佩纳', '尤金·科德罗', '诺尔·古格雷米', '安迪·加西亚', '小克利夫顿·克林斯', '丹尼尔·蒙卡达', '伊格纳西奥·塞利齐奥', '保罗·阿拉约', '卡里姆·J.格里梅斯', '迭戈·卡塔诺', '迪伦·库斯曼', '皮特·布里斯', '劳恩·迪恩', '曼尼·蒙塔纳', '洛博·塞巴斯蒂安', '泰丝·马里斯·金凯德', '贝琪·阿尔特林格', '蒂莫西·卡尔', '吉尔·弗林特', '凯蒂·吉尔', '杰伦·戈登', '杰伊·古铁雷斯', '塞西尔·M·亨利', '雷·埃尔南德斯', '肖恩·麦克米伦', '德文·奥格登', '帕蒂·舍尔哈斯']",['骡子 The Mule'],"['剧情', '悬疑', '惊悚', '犯罪']",['8.1'],['25794'],[' 英语']
[' 美国 / 加拿大'],['沙恩·布莱克'],['2018'],['107'],"['波伊德·霍布鲁克', '崔凡特·罗兹', '雅各布·特伦布莱', '科甘-迈克尔·凯', '奥立薇娅·玛恩', '斯特林·K·布朗', '托马斯·简', '阿尔菲·艾伦', '奥古斯托·阿奎莱拉', '杰克·布塞', '伊冯娜·斯特拉霍夫斯基', '布赖恩·A·普林斯', '麦克·多普德', '尼尔迈特', '加里·切克', '艾米·阿内克', '弗雷泽·艾奇逊', '简·波斯', '洛奇林·莫罗', '叶芳华', '里斯·威廉姆斯', '萨奇·布洛克勒班克', '肖恩·O.罗伯茨', '柯林·科里根', '帕特里克·萨邦圭', '弗雷泽·科比特', '阿隆·克拉文', '安德鲁·詹金斯']",['铁血战士 The Predator'],"['动作', '科幻', '惊悚', '冒险']",['4.9'],['40635'],[' 英语 / 西班牙语']
[' 墨西哥 / 美国'],['阿方索·卡隆'],['2018'],['135'],"['雅利扎·阿巴里西奥', '玛丽娜·德·塔维拉', '迭戈·科蒂娜·奥特里', '卡洛斯·佩拉尔塔', '马科·格拉夫', '丹妮拉·德米萨', '南茜·加西亚', '维罗妮卡·加西亚', '安迪·科特斯', '费尔南多·格雷迪亚加', '豪尔赫·安东尼奥·格雷罗', '拉丁·洛弗']",['罗马 Roma'],"['剧情', '家庭']",['8.2'],['77050'],[' 西班牙语 / 米斯特克语 / 英语']
[' 韩国'],['郑凡植'],['2018'],['94'],"['魏河俊', '朴智炫', '吴雅妍', '文艺媛', '朴成勋', '刘帝允', '李丞旭']",['昆池岩 곤지암'],['恐怖'],['6.1'],['114294'],[' 韩语']
[' 中国大陆'],['何念'],['2018'],['96'],"['郭京飞', '迪丽热巴', '大鹏', '包贝尔', '刘芮麟', '王厂长', '张钟仪', '榕榕', '张杨智子']",['21克拉'],"['喜剧', '爱情']",['4.6'],['42263'],[' 汉语普通话']
[' 匈牙利'],['米洛拉德·科斯蒂奇'],['2018'],['94'],"['伊万·卡马拉斯', '加布里瑞拉·哈默里', '佐兰·马克兰兹', '乔鲍·马顿', '保罗‧贝兰托尼', '马特·戴维尔', '卡塔琳‧东比', '亨利‧格兰特', '彼得·林卡', '马泰‧梅萨罗什', '加博尔·纳吉帕尔', '维吉尼亚‧普罗德']","['盗梦特攻队 Ruben Brandt, a gyüjtö']","['动画', '犯罪']",['8.4'],['17131'],[' 英语 / 匈牙利语']
[' 韩国'],['尹钟彬'],['2018'],['137'],"['黄政民', '李星民', '赵震雄', '朱智勋']",['特工 공작'],['剧情'],['8.5'],['80696'],[' 韩语 / 汉语普通话 / 日语']
[' 中国大陆 / 英国'],['马楚成'],['2018'],['100'],"['梁朝伟', '吴亦凡', '唐嫣', '杜鹃', '林子祥', '华栖龙', '雅各布 格拉夫', '元秋', '刘家勇', '罗莽', '谢婷婷', '周小飞', '林德信', '陈语安', '黎烈弓', '杰佳·亚宁']",['欧洲攻略'],"['喜剧', '动作', '爱情']",['3.5'],['50694'],[' 粤语 / 英语 / 汉语普通话 / 意大利语 / 克林贡语']
[' 韩国'],['金容华'],['2018'],['142'],"['河正宇', '朱智勋', '马东锡', '金香起', '李政宰', '赵汉哲', '金明坤 ', '金东旭', '郑惟安', '都暻秀']",['与神同行2：因与缘 신과함께-인과 연'],"['动作', '奇幻']",['7.5'],['59050'],[' 韩语']
[' 韩国'],['朴勋政'],['2018'],['125'],"['金多美', '赵敏修', '朴熙顺', '崔宇植', '高敏诗', '吴美姬', '崔政宇', '多恩', '金秉玉', '李柱元', '金河娜', '李基英', '权泰元', '李时勋 ', '白承哲', '袁民奎', '金宗勋', '徐翰洁']",['魔女 마녀'],"['动作', '悬疑']",['7.3'],['22420'],[' 韩语']
[' 意大利 / 瑞士 / 法国 / 德国'],['阿莉切·罗尔瓦赫尔'],['2018'],['127'],"['阿德里亚诺·塔尔迪奥洛', '阿涅塞·格拉齐亚尼', '卢卡·奇科瓦尼', '阿尔巴·罗尔瓦赫尔', '塞尔希·洛佩斯', '纳塔利诺·巴拉索', '托马索·拉尼奥', '尼可莱塔·布拉斯基', '达里亚·帕斯卡·阿托利尼', '达维德·登奇', '帕斯夸丽纳·斯昆恰']",['幸福的拉扎罗 Lazzaro felice'],"['剧情', '奇幻']",['8.6'],['58828'],[' 意大利语']
[' 韩国'],['崔国熙'],['2018'],['114'],"['金惠秀', '刘亚仁', '许峻豪', '赵宇镇', '文森特·卡索']",['国家破产之日 국가부도의 날'],['剧情'],['7.5'],['22712'],[' 韩语']
[' 日本'],['月川翔'],['2018'],['105'],"['菅田将晖', '土屋太凤', '古川雄辉', '山田裕贵', '池田依来沙', '滨边美波', '佐野岳', '佐野史郎', '速水直道']",['邻座的怪同学 となりの怪物くん'],"['剧情', '喜剧', '爱情']",['6.1'],['7755'],[' 日语']
[' 中国大陆 / 香港'],['袁和平'],['2018'],['107'],"['张晋', '戴夫·巴蒂斯塔', '柳岩', '杨紫琼', '托尼·贾', '郑嘉颖', '周秀娜', '谭耀文', '释彦能', '姜皓文', '栢天男', '元华']",['叶问外传：张天志 葉問外傳：張天志'],"['剧情', '动作', '犯罪']",['5.6'],['30968'],[' 汉语普通话 / 粤语']
[' 美国 / 新西兰'],['克里斯蒂安·瑞沃斯'],['2018'],['128'],"['海拉·西尔玛', '雨果·维文', '金吉', '罗伯特·席安', '莱拉·乔治', '史蒂芬·朗', '弗兰基·亚当斯', '凯伦·皮斯托里斯', '科林·萨蒙', '安德鲁斯·李斯', '莎拉·慕恩', '罗南·拉夫特瑞', '乔尔·托贝克', '帕特里克·麦拉海德', '史蒂芬·乌瑞', '马尼克·古纳拉塔尼', '菲利普·里夫', '纳撒尼尔·利斯', '雷吉-让·佩吉', '卡卢姆·吉廷斯', '安佑森', '马克·哈德洛', '马克米钦森', '索菲·考克斯', '莎拉·皮尔斯', '奇·陈', '约瑟夫·米卡-亨特', '特里·诺瑞斯', '安龙·杰克森', '梅根·爱德华兹', '尼克·布雷克', '玛丽亚·沃克', '阿曼·韦弗', '玛德琳·亚当斯', '马丁·郭', '罗德尼·库克']",['掠食城市 Mortal Engines'],"['动作', '科幻', '冒险']",['6.4'],['39785'],[' 英语']
[' 美国 / 英国'],['佐米·希尔拉'],['2018'],['105'],"['连姆·尼森', '维拉·法米加', '帕特里克·威尔森', '乔纳森·班克斯', '山姆·尼尔', '伊丽莎白·麦戈文', '基连·斯科特', '沙扎德·拉蒂夫', '安迪·尼曼', '克拉拉·拉戈', '罗兰·默勒', '弗洛伦斯·皮尤', '迪恩·查尔斯·查普曼', '埃拉-雷·史密斯', '妮拉·阿利亚', '柯林·麦克法兰', '寇布勒·霍尔德布鲁克-史密斯', '亚当·那加提斯', '金斯利·本-阿德', '戴姆森·伊德瑞斯', '本·卡普兰', '利蒂希娅·赖特', '杰米·比米什']",['通勤营救 The Commuter'],"['动作', '惊悚', '犯罪']",['6.6'],['50446'],[' 英语']
[' 日本'],['长崎健司'],['2018'],['96'],"['山下大辉', '三宅健太', '志田未来', '生濑胜久', '冈本信彦', '佐仓绫音', '石川界人', '梶裕贵', '增田俊树', '广桥凉', '畠中祐', '井上麻里奈', '真堂圭', '古岛清孝', '奈良彻', '西田雅一', '细谷佳正', '喜多村英梨', '悠木碧', '名塚佳织', '小山力也', '小形满', '木村良平', '大悟', '饭田利信', '佐藤健辅', '富樫美铃', '福西胜也', '小林爱']",['我的英雄学院：两位英雄 僕のヒーローアカデミア THE MOVIE ～2人の英雄～'],"['动作', '动画']",['7.2'],['22570'],[' 日语']
[' 日本'],"['冈田麿里', '筱原俊哉']",['2018'],['115'],"['石见舞菜香', '入野自由', '樱井优辉', '茅野爱衣', '梶裕贵', '细谷佳正', '佐藤利奈', '日笠阳子', '泽城美雪', '杉田智和', '久野美咲', '平田广明', '徐斌', '栗本有规', '宍户准之介', '岩川泰千', '岩崎博', '河本启佑', '咲野俊介', '伊东美弥子', '浅野真由美', '莲岳大', '内田夕夜', '前田爱', '松川央树', '岩崎谅太', '本桥大辅', '水中雅章', '柳田淳一', '川上晃太', '佐佐健太', '岛袋美由利', '矢野奖吾', '笠间淳', '藤间隼', '绵贯龙之介']",['朝花夕誓 さよならの朝に約束の花をかざろう'],"['动画', '奇幻']",['6.9'],['31506'],[' 日语']
[' 美国 / 中国大陆'],['史蒂芬·C·米勒'],['2018'],['93'],"['西尔维斯特·史泰龙', '黄晓明', '戴夫·巴蒂斯塔', '杰西·麦特卡尔菲', '杰米·金', '50分', '约翰·威斯利·查特曼', '唐辰瀛', '泰伦·伍德利', '泰勒·乔恩·奥尔森', '提图斯·维里沃', '谢伊·巴克纳', '丽迪雅·赫尔', '阿什利·库萨托', '罗旖凡', '罗温·布赛义德', '贝莉·柯伦', '泽科·扎基', '文森特·杨', '埃里克·纽纳姆', '马克·希克斯', '彼特·温兹', '奚梦瑶', '罗曼·米蒂齐扬', '戈登·迈克尔斯', '婕咪·埃迪', '约瑟夫·布莱克·门泽尔', '乔·吉尔希翁', '阿方索·A·杰克逊', '奥罗拉·卡琳', '德方塔·弗里曼', '科里·温斯顿', '佩里·约翰逊', '麦克·里德', '瑞恩·牛顿', '蒂莫西·米勒', '埃里克·本德罗斯', '德里克·瑞安·杜克', '大卫·邓斯顿', 'J·麦克罗伊']",['金蝉脱壳2：冥府 Escape Plan 2: Hades'],"['动作', '惊悚']",['3.2'],['32111'],[' 英语']
[' 美国 / 加拿大'],['苏珊娜·福格尔'],['2018'],['117'],"['米拉·库尼斯', '凯特·麦克金农', '贾斯汀·塞洛克斯', '萨姆·修汉', '薇尔玛·斯泽克斯', '哈桑·明哈杰', '凯文·亚当斯', '吉莲·安德森', '伊万娜·萨赫诺', '简·库丁', '保罗·雷瑟', '弗雷德·迈拉麦德', '詹姆斯·弗雷特', '卡罗琳·皮克尔斯', '贾斯婷·瓦希伯格', '汤姆·斯托顿', '罗德里克·希尔']",['我的间谍前男友 The Spy Who Dumped Me'],"['喜剧', '动作']",['6.2'],['40878'],[' 英语 / 俄语 / 法语']
[' 美国'],['朗·霍华德'],['2018'],['135'],"['阿尔登·埃伦瑞奇', '艾米莉亚·克拉克', '伍迪·哈里森', '唐纳德·格洛弗', '保罗·贝坦尼', '乔纳斯·索塔莫', '菲比·沃勒-布里奇', '沃维克·戴维斯', '坦迪·牛顿', '克林特·霍华德', '伊安·肯尼', '理查德·迪克森']",['游侠索罗：星球大战外传 Solo: A Star Wars Story'],"['动作', '科幻', '冒险']",['6.9'],['43678'],[' 英语']
[' 日本'],['今井一晓'],['2018'],['109'],"['水田山葵', '大原惠美', '嘉数由美', '木村昴', '关智一', '三石琴乃', '松本保典', '荻野志保子', '金元寿子', '山下大辉', '折笠富美子', '悠木碧', '大友龙三郎', '早见沙织', '胜杏里', '乃村健次', '鸟海胜美', '陶山章央', '龟井芳子', '一条和矢', '渡边宜嗣', '高桥茂雄', '长泽雅美', '大泉洋']",['哆啦A梦：大雄的金银岛 ドラえもん のび太の宝島'],"['动画', '奇幻', '冒险']",['6.5'],['29106'],[' 日语']
[' 中国大陆'],['刘杰'],['2018'],['96'],"['杨幂', '郭京飞', '李鸿其']",['宝贝儿'],['剧情'],['5.2'],['35253'],[' 汉语普通话']
[' 澳大利亚'],['雷·沃纳尔'],['2018'],['100'],"['罗根·马歇尔-格林', '梅拉里·沃列何', '哈里森·吉尔伯特森', '本尼迪克·哈迪', '克里斯托弗·卡比', '理查德·考索恩', '琳达·克罗珀', '贝蒂·加布里埃尔', '罗斯科·坎贝尔', '理查德·阿纳斯塔西奥斯', '史蒂夫·丹尼尔森', '迈克尔·M·福斯特', '雷纳·加拉赫', '克莱顿·雅各布森']",['升级 Upgrade'],"['动作', '科幻', '惊悚']",['8.1'],['86983'],[' 英语']
[' 日本'],['福田雄一'],['2018'],['135'],"['小栗旬', '菅田将晖', '桥本环奈', '柳乐优弥', '吉泽亮', '三浦春马', '洼田正孝', '室毅', '长泽雅美', '冈田将生', '木村绿子', '佐藤二朗', '中村勘九郎', '堂本刚', '堤真一', '胜地凉', '夏菜', '户塚纯贵', '立木文彦']",['银魂2 銀魂2 掟は破るためにこそある'],"['喜剧', '动作', '冒险']",['7.4'],['22124'],[' 日语']
[' 爱尔兰 / 英国 / 美国'],['欧格斯·兰斯莫斯'],['2018'],['119'],"['奥利维娅·科尔曼', '艾玛·斯通', '蕾切尔·薇兹', '尼古拉斯·霍尔特', '乔·阿尔文', '马克·加蒂斯', '蒂莫西·英纳斯', '珍妮·莱恩斯福德', '詹姆斯·史密斯', '詹姆斯·梅尔维尔', '杰克·维尔']",['宠儿 The Favourite'],"['剧情', '喜剧', '同性', '传记']",['7.4'],['51384'],[' 英语']
[' 英国 / 美国'],['大卫·斯雷德'],['2018'],['90'],"['菲恩·怀特海德', '克雷格·帕金森', '爱丽丝·洛维', '阿西姆·乔杜里', '威尔·保尔特', '塔露拉·哈登', '卡特里奥·诺克斯', '保罗·布拉德利', '乔纳森·阿里斯', 'A·J·霍顿', '弗勒尔·基思', '劳拉·埃弗兰', '阿伦·阿萨德', '苏珊妮·伯登', '杰夫·明特', '乔恩-乔·英克彭', '汤姆·麦卡尔', '埃利·皮尔西', '斯蒂芬·拉什布鲁克', '罗森达·桑德尔', '桑德拉·特蕾丝']",['黑镜：潘达斯奈基 Black Mirror: Bandersnatch'],"['剧情', '科幻', '悬疑', '惊悚']",['6.9'],['54050'],[' 英语']
[' 美国'],['阿里·艾斯特'],['2018'],['127'],"['亚历克斯·沃尔夫', '加布里埃尔·伯恩', '托妮·科莱特', '米莉·夏普洛', '克里斯蒂·萨默海斯', '摩根·伦德', '马洛里·贝克特尔', '杰克·布朗', '布赖恩·拉谢尔', '海蒂·门德兹', '莫伊塞斯 L·托瓦', '贾罗德·菲利普斯', '安·唐德', '布罗克·麦金尼', '扎克瑞·亚瑟', '奥斯丁·R·格兰特']",['遗传厄运 Hereditary'],"['悬疑', '惊悚', '恐怖']",['7.1'],['78675'],[' 英语']
[' 中国大陆'],['小沈阳'],['2018'],['99'],"['小沈阳', '潘斌龙', '宋芸桦', '金士杰', '刘桦', '胡明', '曹瑞', '陈惠敏', '姚中仁', '李立群', '苑琼丹', '肖央', '杨树林', '陈汉典', '九孔', '纳豆', '沈春阳', '高捷', '马浴柯']",['猛虫过江'],"['喜剧', '动作']",['3.7'],['33190'],[' 汉语普通话']
[' 美国'],"['伊桑·科恩', '乔尔·科恩']",['2018'],['133'],"['哈利·米尔林', '佐伊·卡赞', '连姆·尼森', '詹姆斯·弗兰科', '大卫·克鲁霍尔特兹', '汤姆·威兹', '克兰西·布朗', '蒂姆·布雷克·尼尔森', '布莱丹·格里森', '比尔·赫克', '斯蒂芬·鲁特', '泰恩·黛莉', '拉尔夫·伊内森', '切尔西·罗斯', '绍尔·鲁宾内克', '琼乔·奥雷尔', '马修·维利希', '杰西·卢肯', '保罗·瑞', '葛人杰·海恩斯', '杰弗森·梅斯', '山姆·狄龙', '比利·洛克伍德', '汤姆·普罗克特', 'E·E·贝尔', '丹尼·麦卡锡', '杰克莫·巴泽尔', '伊索·阿克瑞恩']",['巴斯特·斯克鲁格斯的歌谣 The Ballad of Buster Scruggs'],"['喜剧', '歌舞', '西部']",['8.5'],['55147'],[' 英语']
[' 中国大陆 / 香港'],['阚家伟'],['2018'],['100'],"['甄子丹', '陈乔恩', '喻亢', '骆明劼', '汤君慈', '汤君耀', '李靖筠', '刘朝健', '林秋楠', '云千千', '林嘉华', '张坚庭', '骆应钧', '李枫', '欧阳伟豪', '楼南光', '张文杰']",['大师兄 大師兄'],"['喜剧', '动作']",['5.1'],['27282'],[' 粤语']
[' 英国'],['大卫·斯特登'],['2018'],['85'],"['约瑟夫·梅', '泰莉莎·加拉赫', '凯瑞·莎勒', '大卫·麦金', '金宝·张', '约翰·哈斯勒', '彼得·安德烈', '蒂娜·德赛', '露西·蒙格马利']",['托马斯大电影之世界探险记 Thomas &amp; Friends: Big World! Big Adventures! The Movie'],"['动画', '儿童']",['7.1'],['1181'],[' 英语']
[' 英国 / 中国大陆 / 波多黎各 / 美国'],['杰弗利·纳赫马诺夫'],['2018'],['107'],"['基努·里维斯', '爱丽丝·伊芙', '艾米丽·阿琳·林德', '托马斯·米德蒂奇', '恩杰伊·安东尼', '约翰·奥提兹', '尼亚切·海邓迪', '艾莉亚·莱蕊克·勒布', '艾梅柏·里维拉', '艾梅柏·汤森', '杰弗里·霍尔斯曼', '桑娴·洛格罗诺', '奥马尔·克鲁兹·索托', '伊万·J·托雷斯·拉桑塔', '让·皮埃尔·普拉茨', '伊夫林·迪安-奥姆斯特德']",['克隆人 Replicas'],"['科幻', '悬疑', '犯罪']",['6.1'],['10657'],[' 英语']
[' 日本'],['三宅唱'],['2018'],['106'],"['柄本佑', '染谷将太', '石桥静河', '足立智充', '山本亚依']",['你的鸟儿会唱歌 きみの鳥はうたえる'],"['剧情', '爱情']",['7.6'],['5342'],[' 日语']
[' 韩国'],['姜炯哲'],['2018'],['133'],"['都暻秀', '朴慧秀', '吴政世', '金民浩', '朴真珠', '白仁权', '杰瑞德·格里姆斯', '罗斯·凯特尔']",['摇摆狂潮 스윙키즈'],"['剧情', '歌舞', '战争']",['8.2'],['25198'],[' 韩语']
[' 中国大陆'],['霍猛'],['2018'],['93'],"['杨太义', '李云虎 ', '万众 ', '聂栋才 ']",['过昭关'],"['剧情', '家庭', '儿童']",['7.5'],['3238'],[' 河南方言']
[' 香港 / 中国大陆'],['黄真真'],['2018'],['109'],"['薛凯琪', '陈意涵', '张钧甯', '迈克·泰森', '王水林', '陈宝山', '阮金红', '范湉湉']",['闺蜜2'],"['喜剧', '爱情']",['2.6'],['17899'],[' 汉语普通话']
[' 德国'],['米夏埃尔·赫尔比希'],['2018'],['125'],"['弗莱德里奇·穆克', '卡罗利妮·舒赫', '大卫·克劳斯', '艾丽西娅·冯·里特贝格', '托马斯·克莱舒曼', '乔纳斯·霍登里德尔', '蒂尔曼·多布勒', '克里斯蒂安·内特', '罗纳德·库克利斯', '塞巴斯蒂安·胡克', '乌尔里奇·布兰德霍夫', '柏恩德·麦克·莱德', '凯·伊沃·保利兹', '贝恩德·斯特格曼', '安婕·特拉乌']",['气球 Ballon'],"['剧情', '惊悚', '历史']",['8.4'],['14090'],[' 德语 / 英语']
[' 中国大陆'],['钱嘉乐'],['2018'],['99'],"['郑伊健', '陈小春', '谢天华', '钱嘉乐', '林晓峰', '曾志伟', '佘诗曼', '张雅玫', '吴永伦']",['黄金兄弟'],"['动作', '犯罪']",['5.0'],['39541'],[' 粤语 / 汉语普通话']
[' 中国大陆'],['顾长卫'],['2018'],['99'],"['白客', '蓝盈莹', '张海宇', '周楚濋', '曹骏', '王玉雯', '蒋易', '李晨晖', '范明', '蒋雯丽']",['遇见你真好'],"['剧情', '喜剧', '爱情']",['4.6'],['19164'],[' 汉语普通话']
[' 中国大陆'],['非行'],['2018'],['110'],"['蔡珩', '顾璇', '于恒', '成泰燊', '马浴柯', '陈雨锶']",['云南虫谷'],"['动作', '奇幻', '冒险']",['3.2'],['33124'],[' 汉语普通话']
[' 中国大陆 / 香港'],['刘伟强'],['2018'],['104'],"['古天乐', '陈学冬', '郭碧婷', '包贝尔', '王太利', '周冬雨', '吴樾', '潘斌龙', '孔连顺', '刘浩', '梁大维', '许君聪', '方中信', '何润东', '薛凯琪', '颖儿', '李灿森', '卢惠光']",['武林怪兽'],"['喜剧', '奇幻', '武侠']",['3.5'],['20795'],[' 汉语普通话']
[' 美国'],['艾尔伯特·休斯'],['2018'],['96'],"['柯蒂·斯密特-麦菲', '恰克', '约翰内斯·豪克尔·约翰内森', '娜塔莎·迈尔兹', '蕾奥娜·维埃拉', '延斯·赫尔腾', '梅赛德斯·德拉泽尔达', '普里亚·拉贾拉特南', '斯潘塞·博加特', '帕特里克·弗拉纳根', '迈克尔·克鲁斯-代赫勒', '马辛·科瓦奇克']",['阿尔法：狼伴归途 Alpha'],"['剧情', '冒险']",['6.5'],['29211'],[' 英语']
[' 中国大陆'],['朱延平'],['2018'],['103'],"['王宁', '孔连顺', '王智', '吴孟达', '梁超', '郝劭文', '张子栋', '李欣蕊', '张峻豪', '今井隆星', '宋小宝', '曾志伟', '叶全真']",['新乌龙院之笑闹江湖'],"['剧情', '喜剧', '动作']",['3.5'],['14073'],[' 汉语普通话']
[' 美国'],['科林·哈迪'],['2018'],['96'],"['德米安·比齐尔', '泰莎·法米加', '乔纳斯·布洛凯', '邦妮·阿伦斯', '维拉·法米加', '帕特里克·威尔森', '英格丽·比苏', '夏洛特·霍普', '桑德拉·特蕾丝', '奥古斯特·马图洛', '迈克尔·史麦利', '大卫·霍罗维奇', '丽丽·博尔丹', '斯嘉丽·希克斯', '丽兹·科菲', '迪·布拉雷·贝克尔', '黛布拉·威尔逊', '马克·斯达格', '莉迪亚·科洛科', '艾玛·阿普尔顿', '约翰尼·科瓦内', '丹尼尔·曼德尔', '西蒙·瑞', '桑德拉·罗斯科']",['修女 The Nun'],"['悬疑', '惊悚', '恐怖']",['5.9'],['31603'],[' 英语 / 法语 / 罗马尼亚语 / 拉丁语']
[' 美国 / 日本'],['达米恩·查泽雷'],['2018'],['141'],"['瑞恩·高斯林', '克莱尔·芙伊', '杰森·克拉克', '凯尔·钱德勒', '寇瑞·斯托尔', '派屈克·福吉特', '克里斯托弗·阿波特', '塞伦·希德', '奥莉维亚·汉密尔顿', '巴勃罗·施瑞博尔', '谢伊·惠格姆', '卢卡斯·哈斯', '伊桑·恩布里', '布莱恩·达西·詹姆斯', '科里·迈克尔·史密斯', '克里斯·斯万博格']",['登月第一人 First Man'],"['剧情', '传记', '历史']",['7.7'],['30610'],[' 英语']
[' 中国大陆 / 香港'],['丁晟'],['2018'],['114'],"['王凯', '马天宇', '王大陆', '余皑磊', '林雪', '吴樾', '李梦', '张艺上', '姜珮瑶', '李岷城', '宁浩', '韩寒', '丁晟', '曾志伟']",['英雄本色2018'],"['剧情', '动作']",['4.6'],['33053'],[' 汉语普通话']
[' 美国'],['苏珊娜·比尔'],['2018'],['124'],"['桑德拉·布洛克', '崔凡特·罗兹', '约翰·马尔科维奇', '莎拉·保罗森', '杰基·韦佛', '罗莎·萨拉查', '丹妮尔·麦克唐纳', '里尔·莱尔·哈瓦瑞', '汤姆·霍兰德', '机关枪凯利', '黄荣亮', '普路特·泰勒·文斯', '维维恩·莱拉·布莱尔', '帕敏德·纳格拉', '丽贝卡·彼得根', '艾米·古麦尼克', '泰勒·汉德雷', '海皮·安德森', '大卫·达斯马齐连', '基思·雅各', '克里斯托弗洛根', '弗兰克·莫特克', '泰德·霍利斯', '麦特·伦纳德']",['蒙上你的眼 Bird Box'],"['剧情', '科幻', '惊悚']",['7.1'],['26213'],[' 英语']
[' 美国'],['查尔斯·斯通三世'],['2018'],['103'],"['凯里·欧文', '里尔·莱尔·哈瓦瑞', '沙奎尔·奥尼尔', '克里斯·韦伯', '雷吉·米勒', '内特·罗宾逊', '丽萨·莱斯利', '埃丽卡·阿什', '蒂凡尼·哈迪斯', '尼克·克罗尔', '迈克·艾普斯', 'J·B·斯穆夫', '亚当·拉扎尔-怀特', '比尔·沃尔顿', '乔治·格文', '史蒂夫·纳什', '迪肯贝·穆托姆博', '宁宁·利克斯', '特伦斯·罗斯摩尔', '德韦恩·博伊德', '以利亚·埃弗雷特', '盖奇·劳森']",['德鲁大叔 Uncle Drew'],"['喜剧', '运动']",['6.4'],['18787'],[' 英语']
[' 美国'],['詹姆斯·弗雷'],['2018'],['105'],"['达科塔·约翰逊', '詹米·多南', '阿莉尔·凯贝尔', '埃里克·约翰逊', '瑞塔·奥拉', '卢克·葛莱姆斯', '布兰特·道格尔迪', '泰勒·霍奇林', '马克斯·马蒂尼', '劳拉·雅各布斯', '费伊·马斯特森']",['五十度飞 Fifty Shades Freed'],"['剧情', '爱情', '情色']",['5.6'],['23632'],[' 英语']
[' 法国'],['弗兰克·盖思堂彼得'],['2018'],['100'],"['弗兰克·盖思堂彼得', '马利克·班泽拉', '伯纳尔·法西', '萨尔瓦托雷·埃斯波西托', '萨巴纳·奥扎尼', '爱德华·蒙多特', '朗齐·贝迪亚', '茂萨·马斯克里', '夏洛特·加布里斯']",['的士速递5 Taxi 5'],"['喜剧', '动作', '犯罪']",['5.4'],['19270'],[' 法语 / 意大利语']
[' 美国'],"['凯瑞·柯克帕特里克', '杰森·雷西格']",['2018'],['96'],"['查宁·塔图姆', '詹姆斯·柯登', '赞达亚', '勒布朗·詹姆斯', '科曼', '吉娜·罗德里格兹', '丹尼·德维托', '吉米·塔特罗', '雅拉·沙希迪', '伊利·亨利']",['雪怪大冒险 Smallfoot'],"['喜剧', '动画', '歌舞', '冒险']",['7.4'],['17176'],[' 英语']
[' 美国'],['鲍兹·亚金'],['2018'],['111'],"['卢克·普拉尔', '斯特林·杰里斯', '威尔·帕顿', '科比·乔治', '卡丁·乔治', '尼古拉斯·J·奥利韦里', '萨曼莎·玛西丝', '罗伯特·约翰·伯克', '纳迪娅·亚历山大', '露西·沃特斯', '坦米·布兰查德', '大卫·阿隆·贝克']",['寄宿学校 Boarding School'],"['悬疑', '恐怖']",['7.3'],['36042'],[' 英语']
[' 印度'],['维贾伊·克利须那·阿查里雅'],['2018'],['164'],"['阿米尔·汗', '卡特莉娜·卡芙', '阿米达普·巴强', '劳埃德·欧文', '阿明·阿卜杜勒·奎德', '法缇玛·萨那·纱卡', '洛尼特·罗伊', '杰奇·史洛夫', '谢恩·约翰·克鲁格', '巴拉特·巴蒂', '曼吉特·辛格', '乔·阿泽帕迪', '穆罕默德·齐尚·艾布', '瑟仁德·帕尔', '沙棘·乔杜里', '罗曼·扬科维奇']",['印度暴徒 Thugs of Hindostan'],"['喜剧', '动作', '冒险']",['5.9'],['19871'],[' 印地语']
[' 日本'],['石田祐康'],['2018'],['117'],"['北香那', '苍井优', '钉宫理惠', '潘惠美', '福井美树', '能登麻美子', '久野美咲', '西岛秀俊', '竹中直人']",['企鹅公路 ペンギン・ハイウェイ'],"['动画', '奇幻', '冒险']",['7.9'],['12287'],[' 日语']
[' 丹麦 / 法国 / 德国 / 瑞典'],['拉斯·冯·提尔'],['2018'],['152'],"['马特·狄龙', '布鲁诺·甘茨', '乌玛·瑟曼', '希芳·法隆', '苏菲·格拉宝', '丽莉·克亚芙', '杰瑞米·戴维斯', '爱德华·斯皮伊尔斯', '大卫·拜利', '刘智泰']",['此房是我造 The House That Jack Built'],"['喜剧', '惊悚', '犯罪']",['7.3'],['37676'],[' 英语 / 德语 / 意大利语']
[' 美国 / 加拿大'],['保罗·费格'],['2018'],['117'],"['安娜·肯德里克', '布蕾克·莱弗利', '亨利·戈尔丁', '伊恩·霍', '约书亚·萨坦', '格伦达·布拉甘扎', '安德鲁·兰内斯', '凯利·麦柯马克', '阿帕纳·纳彻', '达斯汀·米利甘', '丹妮尔·布尔贡', '吉亚·桑德赫', '鲁伯特·弗兰德', '诺林·古拉姆高斯', '巴希尔·萨拉赫丁', '梅洛迪·约翰逊', '麦丽莎·奥尼尔', '埃里克·约翰逊', '琳达·卡德里尼', '莎拉·贝克', '珍·斯马特', '莱斯勒·唐纳森', '克里斯·欧文斯', '罗莎娜·斯科托', '多梅尼克·塞纳', '辛迪·戴']",['一个小忙 A Simple Favor'],"['剧情', '悬疑', '犯罪']",['7.2'],['37595'],[' 英语']
[' 日本 / 中国大陆'],"['李豪凌', '易小星', '竹内良贵']",['2018'],['74'],"['坂泰斗', '寿美菜子', '白石晴香', '安元洋贵', '大冢刚央', '长谷川育美', '白客', '彭师欣', '唐雅菁', '陈颖晖', '梁达伟', '林美玉']",['肆式青春 詩季織々'],['动画'],['5.6'],['17118'],[' 汉语普通话 / 日语 / 粤语 / 上海话']
[' 美国'],"['约翰·弗朗西斯·戴利', '乔纳森·M·戈尔茨坦']",['2018'],['100'],"['杰森·贝特曼', '瑞秋·麦克亚当斯', '凯尔·钱德勒', ' 莎朗·豪根', '比利·马格努森', '拉蒙尼·莫里斯', '凯莉·班伯里', '杰西·普莱蒙', '迈克尔·C·豪尔', '丹尼·赫斯顿', '切尔西·帕瑞蒂', '卡米利·陈', '泽瑞克·威廉姆斯', '约书亚·米克尔', 'R·F·戴利']",['游戏之夜 Game Night'],"['喜剧', '悬疑', '犯罪']",['7.1'],['38247'],[' 英语']
[' 韩国'],['李章焄'],['2018'],['132'],"['苏志燮', '孙艺珍', '金智焕', '金贤秀', '李有镇', '高昌锡', '李俊赫', '孙云恩', '裴侑蓝']",['现在去见你 지금 만나러 갑니다'],"['剧情', '爱情', '奇幻']",['8.2'],['55326'],[' 韩语']
[' 美国'],['安东尼·福奎阿'],['2018'],['121'],"['丹泽尔·华盛顿', '佩德罗·帕斯卡', '艾什顿·桑德斯', '奥森·比恩', '比尔·普尔曼', '梅丽莎·里奥', '乔纳森·斯卡弗', '沙基纳·贾弗里', '卡罗琳·戴', '特德·阿尔奇迪', '杰伊·赫农', '马克西米利安·麦克纳马拉', '安德烈·阿罗维斯基']",['伸冤人2 The Equalizer 2'],"['动作', '惊悚', '犯罪']",['7.0'],['22330'],[' 英语 / 法语 / 土耳其语 / 希伯来语']
[' 日本'],['大森立嗣'],['2018'],['100'],"['黑木华', '树木希林', '多部未华子', '原田麻由', '川村纱也', '滝泽惠', '山下美月', '郡山冬果', '冈本智礼']",['日日是好日'],['剧情'],['7.7'],['3212'],[' 日语']
[' 比利时 / 荷兰'],['卢卡斯·德霍特'],['2018'],['105'],"['维克托·波尔斯特', '阿里耶·沃索尔特', '奥利弗·博达特', '蒂伊门·戈瓦尔茨', '卡特简·达门', '瓦伦提金·达恩斯', '克里斯·泰斯', '安吉洛·提森', '艾莉西亚·德佩克']",['女孩 Girl'],"['剧情', '同性']",['8.2'],['14532'],[' 法语 / 弗拉芒语 / 英语']
[' 香港'],['邱礼涛'],['2018'],['100'],"['吴镇宇', '张智霖', '佘诗曼', '周秀娜', '郑则仕', '刘浩龙', '张继聪', '李灿森', '卫诗雅', '杨柳青', '灰熊', '林嘉华']",['泄密者 洩密者們'],"['剧情', '犯罪']",['5.3'],['22792'],[' 粤语 / 汉语普通话']
[' 美国'],['小斯蒂芬·卡普尔'],['2018'],['130'],"['迈克尔·B·乔丹', '西尔维斯特·史泰龙', '泰莎·汤普森', '杜夫·龙格尔', '弗罗里安·穆特鲁', '布里吉特·尼尔森', '罗素·霍恩斯比', '伍德·哈里斯', '米洛·文堤米利亚', '菲利西亚·拉斯海德', '迈克尔·巴佛', '安德烈·沃德', '迈尔斯·哈姆帕斯', '伊沃·南迪', '克里斯托弗·曼恩']",['奎迪：英雄再起 Creed II'],"['剧情', '运动']",['7.1'],['16705'],[' 英语']
[' 美国'],['伊莱·罗斯'],['2018'],['97'],"['布鲁斯·威利斯', '文森特·多诺费奥', '伊丽莎白·苏', '迪恩·诺里斯', '博·纳普', '金伯莉·伊丽丝', '卡米拉·莫罗', '兰·卡琉', '杰克·凯西', '罗尼·吉恩·贝尔维斯', '可比·毕丝·布兰顿', '安德里亚斯·艾波吉斯', '伊恩·马休斯', '温迪·古逊', '瓦罗娜·塞茨瓦埃洛', '路易斯·奥利瓦', '杰森·卡弗利尔', '夸西·宋桂']",['虎胆追凶 Death Wish'],"['动作', '惊悚', '犯罪']",['6.5'],['18327'],[' 英语']
[' 美国'],['德鲁·高达'],['2018'],['141'],"['杰夫·布里吉斯', '辛西娅·艾莉佛', '达科塔·约翰逊', '乔恩·哈姆', '克里斯·海姆斯沃斯', '卡莉·史派妮', '刘易斯·普尔曼', '尼克·奥弗曼', '泽维尔·多兰', '谢伊·惠格姆', '马克·奥布莱恩', '查尔斯·哈尔福德', '吉姆·奥希尔', '瑞贝卡·图兰', '比利·威克曼', '威廉·B·戴维斯', '曼尼·贾希尼托', '乔纳森·怀特赛尔', '凯瑟琳·伊莎贝尔', '萨拉·史密斯']",['皇家酒店谋杀案 Bad Times at the El Royale'],"['剧情', '悬疑', '惊悚', '犯罪']",['6.9'],['20612'],[' 英语']
[' 法国 / 中国大陆 / 日本 / 美国'],"['亚罗·切尼', '斯科特·摩西尔']",['2018'],['86'],"['本尼迪克特·康伯巴奇', '卡梅伦·丝蕾', '拉什达·琼斯', '法瑞尔·威廉姆斯', '特里斯坦·奥哈尔', '基南·汤普森', '山姆·拉瓦尼诺', '雷蒙·汉密尔顿', '安吉拉·兰斯伯瑞', '斯嘉丽·艾斯特维兹', '迈克尔·贝亚蒂', '罗里·艾伦', '卡特·海斯汀斯', '卡洛斯·阿拉斯拉奇', '约翰·卡西尔', '凯茜·卡瓦蒂妮', '丹尼·曼恩', '杰里米·马克斯韦尔', '汤森·科尔曼', '斯科特·摩西尔', '梅里·康德伦', '拉瑞恩·纽曼', '布莱恩·T·德莱尼', '约翰·德米塔', '比尔·法玛尔', '乔尔·斯维唐', '亚伦·福尔斯', '明迪·斯特林', '塔拉·斯特朗', '杰斯·哈梅尔', '雷吉纳·托芬', '吉姆·瓦德']",['绿毛怪格林奇 The Grinch'],"['喜剧', '动画', '奇幻']",['6.2'],['8079'],[' 英语']
[' 美国 / 印度 / 加拿大'],['伊莱·罗斯'],['2018'],['104'],"['杰克·布莱克', '凯特·布兰切特', '欧文·瓦卡罗', '凯尔·麦克拉克伦', '芮妮·戈兹贝里', '考林·加普', '桑尼·苏尔季克', '洛伦扎·伊佐', '布拉克斯顿·比肯', 'Vanessa Anne Williams', '查尔斯·格林', ""De'Jon Watts"", '艾伦·比尔纳', 'Christian Calloway', '伊莱·罗斯', 'Anna Chuancheun', '德梅特里·兰德尔', '佩拉·米德尔顿']",['滴答屋 The House with a Clock in its Walls'],"['喜剧', '惊悚', '奇幻', '冒险']",['5.5'],['13857'],[' 英语']
[' 中国大陆 / 美国'],"['赵锐', '克里斯托弗·詹金斯']",['2018'],['90'],"['赵路', '武皓栋', '殷筱瑜', '金蝉妃', '童自荣', '吴磊', '赵乾景', '李传缨', '姜玉玲', '曹真', '王肖兵']",['妈妈咪鸭'],"['喜剧', '动画', '家庭', '冒险']",['7.1'],['16831'],[' 汉语普通话 / 英语']
[' 美国'],['亚当·麦凯'],['2018'],['132'],"['克里斯蒂安·贝尔', '艾米·亚当斯', '史蒂夫·卡瑞尔', '山姆·洛克威尔', '娜奥米·沃茨', '艾丽森·皮尔', '埃迪·马森', '贾斯汀·柯克', '丽莎·盖伊·汉密尔顿', '杰西·普莱蒙', '比尔·坎普', '唐·麦克马纳斯', '莉莉·拉贝', '谢伊·惠格姆', '斯蒂芬·阿德利·葛尔盖', '泰勒·派瑞', '杰夫·博斯利', '吉利安·阿美娜特', '马修·雅各布斯']",['副总统 Vice'],"['剧情', '喜剧', '传记', '历史']",['6.8'],['11084'],[' 英语']
[' 中国大陆 / 香港'],['叶伟民'],['2018'],['87'],"['甄子丹', '黄圣依', '王宝强', '任达华', '喻亢', '江疏影', '仓田保昭', '鲍起静', '林雪', '庄思敏', '胡明', '吴俊余', '王文绮']",['冰封侠：时空行者'],"['动作', '奇幻']",['2.6'],['8108'],[' 汉语普通话 / 粤语']
[' 爱尔兰 / 美国'],['尼尔·乔丹'],['2018'],['98'],"['伊莎贝尔·于佩尔', '科洛·莫瑞兹', '麦卡·梦露', '简·佩里', '杰夫·西勒', '帕克·索耶', '布兰登·李·西尔斯', '阿瑟·李', '罗莎·埃斯科达', '撒迪厄斯·丹尼尔斯', '科鲁姆·费奥瑞', '扎威·阿什顿', '斯蒂芬·瑞']",['遗孀秘闻 Greta'],"['剧情', '悬疑']",['6.0'],['3391'],[' 英语']
[' 中国大陆'],['胡玫'],['2018'],['113'],"['马伊琍', '富大龙', '马敬涵', '王子文', '姚安濂', '焦晃', '刘宸', '周中和', '杨哲', '王春子', '董飞', '刘立伟', '刘佩琦']",['进京城'],"['剧情', '历史', '古装']",['6.8'],['2278'],[' 汉语普通话 / 英语']
[' 中国大陆 / 香港'],['谷德昭'],['2018'],['98'],"['陈奕迅', '李荣浩', '李一桐', '陈国坤', '崔志佳', '许绍雄', '刘浩龙', '田启文', '克里斯·柯林斯', '马志威', '李聪']",['卧底巨星'],"['喜剧', '动作']",['3.6'],['13453'],[' 汉语普通话']
[' 美国'],['大卫·戈登·格林'],['2018'],['106'],"['杰米·李·柯蒂斯', '朱迪·格雷尔', '安迪·马蒂切克', '詹姆斯·裘德·柯特尼', '尼克·卡斯特尔', '哈鲁克·比尔根纳尔', '威尔·帕顿', '里安·里斯', '杰佛逊·豪尔', '托比·胡斯', '维吉尼亚·加德纳', '迪伦·阿诺德', '迈尔斯·罗宾斯', '德鲁·谢伊德', '吉布瑞尔·南谭布', '迈克尔·哈瑞蒂', '马修·安德森', '奥马尔·J·多尔西', '克里斯托弗· 艾伦·尼尔森', 'P·J·索尔丝', '桑迪·约翰逊', '乔恩·埃里克·海克瑟姆', '梅诺·佩卢斯', '杰瑞德·莫泽', '罗布·尼特']",['月光光心慌慌 Halloween'],"['惊悚', '恐怖']",['5.9'],['15067'],[' 英语']
[' 英国 / 美国'],['欧·帕克'],['2018'],['114'],"['莉莉·詹姆斯', '阿曼达·塞弗里德', '朱丽·沃特斯', '克里斯汀·芭伦斯基', '皮尔斯·布鲁斯南', '斯特兰·斯卡斯加德', '科林·费尔斯', '多米尼克·库珀', '杰瑞米·艾文', '亚历克萨·戴维斯', '杰西卡·基南·温', '乔什·迪伦', '休·斯金纳', '雪儿', '梅丽尔·斯特里普', '安迪·加西亚', '西莉亚·伊姆里', '欧米德·吉亚李利', '杰拉德·摩纳科', '森尚子', '伊川东吾', '阿纳斯塔西娅·希尔', '苏珊娜·巴克莱德', '乔纳森·戈德史密斯', '凯西·克莱尔', '班尼·安德森', '戴尔·布兰斯顿', '亚历珊德拉·福特']",['妈妈咪呀2 Mamma Mia! Here We Go Again'],"['喜剧', '爱情', '歌舞']",['7.0'],['19329'],[' 英语 / 法语 / 希腊语']
[' 中国大陆'],['罗登'],['2018'],['95'],"['葛优', '岳云鹏', '杜淳', '蔡卓妍', '包贝尔', '小沈阳', '陈赫', '潘斌龙', '热依扎', '孙越', '吕行', '张亮', '奚梦瑶', '杜志国', '许君聪', '吴俊余', '武强']",['断片之险途夺宝'],"['喜剧', '冒险']",['2.8'],['15213'],[' 汉语普通话']
[' 日本'],['关根光才'],['2018'],['109'],"['趣里', '菅田将晖', '仲里依纱', '田中哲司', '西田尚美', '松重丰', '石桥静河', '织田梨沙']",['只有爱能让我生存 生きてるだけで、愛。'],['爱情'],['7.3'],['2725'],[' 日语']
[' 中国大陆'],['崔斯韦'],['2018'],['111'],"['张震', '倪妮', '廖凡', '黄觉', '刘桦', '张奕聪', '李光洁', '岳小军', '昌隆']",['雪暴'],"['动作', '悬疑', '犯罪']",['6.2'],['24282'],[' 汉语普通话']
[' 美国'],"['杰克·卡斯托雷纳', '刘山姆']",['2018'],['81'],"['杰瑞·奥康奈尔', '丽贝卡·罗梅恩', '雷恩·威尔森', '罗莎里奥·道森', '内森·菲利安', '克里斯托弗·戈勒姆', '马特·兰特尔', '谢默·摩尔', '耐姆比·耐姆比', '杰森·奥玛拉', '乔纳森·亚当斯', '洛奇·卡罗尔', '特雷弗·德瓦', '保罗·伊丁', '帕特里克·法比安', '詹妮弗·黑尔', '马克斯·迈特尔曼', '托克斯·奥拉贡多耶']",['超人之死 The Death of Superman'],"['动作', '科幻', '动画']",['7.4'],['8490'],[' 英语']
[' 韩国'],['林顺礼'],['2018'],['103'],"['金泰梨', '柳俊烈', '文素丽', '秦基周', '国志龙', '郑浚远']",['小森林 리틀 포레스트'],['剧情'],['7.3'],['22862'],[' 韩语']
[' 波兰 / 法国 / 英国'],['帕维乌·帕夫利科夫斯基'],['2018'],['88'],"['尤安娜·库里克', '托马斯·科特', '波利斯·席克', '阿伽塔·库莱沙', '塞德里克·康', '让娜·巴利巴尔', '亚当·费仁希', '亚当·沃诺维茨', '亚当·斯齐斯科斯基']",['冷战 Zimna wojna'],"['剧情', '爱情', '音乐']",['7.8'],['19566'],[' 波兰语 / 法语 / 德语 / 克罗地亚语 / 意大利语 / 俄语']
[' 香港'],['李骏硕'],['2018'],['119'],"['姜皓文', '惠英红', '黄河', '袁富华', '余香凝', '吴肇轩', '周祉君', '陈蕾', '葛民辉', '岑珈其', '梁舜燕', '顾定轩', '黄溢濠', '李昭南', '陈志全']",['翠丝 翠絲'],"['剧情', '同性']",['6.8'],['8214'],[' 粤语']
[' 中国大陆 / 澳大利亚'],['金波·兰道'],['2018'],['90'],"['李冰冰', '凯南·鲁兹', '吴尊', '凯尔希·格兰莫', '斯黛芬·道森', '瑞恩·约翰逊', '肖恩·雅克博森', '杰森·庄', '蒂姆·德莱克斯', '克里斯汀·米洛', '克洛依·盖伊']",['谜巢'],"['动作', '冒险']",['3.5'],['18224'],[' 英语']
[' 日本'],['武内英树'],['2018'],['109'],"['绫濑遥', '坂口健太郎', '本田翼', '北村一辉', '中尾明庆', '石桥杏奈', '柄本明', '加藤刚']",['今夜在浪漫剧场 今夜、ロマンス劇場で'],"['爱情', '奇幻']",['7.2'],['20169'],[' 日语']
[' 日本'],['吉沢俊一'],['2018'],['90'],"['榎木淳弥', '村中知', '松浦爱弓', '梅原裕一郎', '村濑步', '古川慎', '盐田朋子', '寺杣昌纪', '中井和哉', '山路和弘', '星野贵纪', '佐藤せつじ', '驹田航', '荒井勇树', '岛田岳洋', '玉野井直樹', '中村文徳', '横沟菜帆']",['机动战士高达NT 機動戦士ガンダム NT（ナラティブ）'],"['科幻', '动画', '战争']",['6.0'],['730'],[' 日语']
[' 韩国'],['曹圭章'],['2018'],['111'],"['李星民', '金相浩', '陈庆', '郭时旸', '朴春', '金成钧', '李民雄', '延济旭', '申承焕', '李载宇', '裴贞华', '郑侑敏', '黄英熙', '孙钟学', '李相熹', '金子英', '朴成根']",['目击者 목격자'],"['悬疑', '惊悚']",['6.1'],['6495'],[' 韩语']
[' 美国'],['拉娜·沃卓斯基'],['2018'],['151'],"['裴斗娜', '杰米·克莱顿', '蒂娜·德赛', '塔彭丝·米德尔顿', '马克思·雷迈特', '米格尔·安赫尔·西尔维斯特', '布莱恩·J·史密斯', '托比·奥伍梅尔', '弗莉玛·阿吉曼', '普拉布 科里', '阿方索·埃雷拉', '泰伦斯·曼', '达丽尔·汉纳', '纳威恩·安德利维斯', '奈斯鲍提斯塔', '斯蒂芬·鲍克思', '阿米拉·加扎拉', '约书亚·格罗斯', '埃伦迪拉·伊瓦拉', '雅丽·乔维尔', '西尔维斯特·迈可伊', 'Annie Munch', '埃文特·斯特朗', '马克斯·毛夫']",['超感猎杀：完结特别篇 Sense8 Finale Special'],"['剧情', '科幻', '同性']",['9.2'],['30745'],[' 英语']
[' 美国'],['马克·福斯特'],['2018'],['104'],"['伊万·麦克格雷格', '海莉·阿特维尔', '勃朗特·卡迈克尔', '马克·加蒂斯', '奥利弗·福德·戴维斯', '阿德里安·斯卡伯勒', '罗杰·阿什顿-格里菲斯', '阿曼达·劳伦斯', '凯蒂·卡迈克尔', '特里斯坦·斯特罗克', '保罗·查希迪', '迈克尔·吉恩', '舒雅德·法瑞斯', '马特·贝里', '西蒙·法纳比', '麦肯锡·克鲁克', '吉姆·库宁斯', '布拉德·加内特', '尼克·穆罕默德', '彼得·卡帕尔迪', '苏菲·奥康内多', '托比·琼斯', '李·阿斯奎斯-柯', '罗伊·贝克', '金塔雷·贝尼奥拉维特', '贝恩·科拉科', '托马斯·派登', '库姆德·潘特', '理查德·谢尔曼', '彼得·辛格', '卡罗尔·斯蒂尔', '艾薇·维']",['克里斯托弗·罗宾 Christopher Robin'],"['喜剧', '动画', '冒险']",['8.0'],['21654'],[' 英语']
[' 日本'],['佐藤祐市'],['2018'],['112'],"['土屋太凤', '芳根京子', '横山裕', '筒井真理子', '生田智子', '村井国夫', '檀丽', '浅野忠信']",['深红累之渊 累-かさね-'],['悬疑'],['7.5'],['8108'],[' 日语']
[' 意大利 / 美国'],['卢卡·瓜达尼诺'],['2018'],['152'],"['达科塔·约翰逊', '蒂尔达·斯文顿', '科洛·莫瑞兹', '米娅·高斯', '杰西卡·哈珀', '西尔维·泰斯蒂', '安吉拉·温科勒', '玛高莎·贝拉', '英格丽·卡文']",['阴风阵阵 Suspiria'],"['惊悚', '恐怖']",['6.7'],['19493'],[' 英语 / 德语 / 法语']
[' 中国大陆'],['张骁'],['2018'],['104'],"['闫妮', '邹元清', '吴若甫', '吴大维', '耿乐', '张恒', '曾江', '廖学秋', '那威', '吴樾', '曹思达', '李政阳']",['我是你妈'],"['剧情', '喜剧']",['4.9'],['10663'],[' 汉语普通话']
[' 英国'],['曼迪·弗莱彻'],['2018'],['95'],"['比蒂·埃德蒙森', '艾德·斯克林', '米兰卡·布鲁克斯', '杰玛·琼斯', '切瑞·朗吉', '艾米丽·阿塔克', '彼得·戴维森', '艾米莉亚·琼斯', '珍妮弗·桑德斯', '阿德里安·斯卡伯勒', '伯纳德·克理宾斯']",['我的冤家是条狗 Patrick'],"['喜剧', '家庭']",['6.4'],['7318'],[' 英语']
[' 美国'],['苏珊·约翰逊'],['2018'],['99'],"['拉娜·康多', '诺亚·琴蒂内奥', '伊瑟尔·布罗萨德', '贾娜尔·帕里希', '安娜·卡思卡特', '安德鲁·巴切勒', '特雷佐·马霍洛', '玛德琳娜·亚瑟', '埃米利娅·巴拉纳茨', '约翰·考伯特', '凯尔西·马韦马', '朱莉娅·本森', '乔伊·帕切科', '乔丹·伯切特', '琼·B·王尔德', '伊莎贝尔·比奇', '亨特·狄龙', '克里斯蒂安·迈克尔·库珀', '里斯·弗菜明', '帕维尔·皮多克', '杰布·比奇', 'Cameron Crosby', '耶尔·雅曼']",['致所有我曾爱过的男孩 To All the Boys I&#39;ve Loved Before'],['爱情'],['7.4'],['23936'],[' 英语']
[' 韩国'],['洪尚秀'],['2018'],['96'],"['纪柱峰', '金敏喜', '宋宣美', '权海虓', '刘俊相']",['江边旅馆 강변호텔'],['剧情'],['7.2'],['2453'],[' 韩语']
[' 美国'],['罗伯·科恩'],['2018'],['103'],"['托比·凯贝尔', '玛姬·格蕾斯', '瑞恩·柯万腾', '拉尔夫·伊内森', '梅丽莎·博洛纳', '本·克劳斯', '杰米·安德鲁·卡特勒', '克里斯蒂安·孔特雷拉斯', '艾德·伯奇', '埃里克·罗德尔', '马克·史密斯', '布鲁克·约翰斯顿', '帕特里克·麦考利', '莱昂纳多·狄更斯', '斯图尔特·麦克奎里', '娜塔莎·卡拉姆', '阿塔纳斯·斯雷布雷夫', '卢克·朱迪', '安德烈·鲁滨孙']",['飓风奇劫 The Hurricane Heist'],"['动作', '惊悚', '犯罪']",['5.9'],['11633'],[' 英语']
[' 美国 / 加拿大'],['朱利叶斯·艾弗里'],['2018'],['110'],"['约翰·艾德坡', '怀亚特·罗素', '马蒂尔德·奥利维耶', '皮鲁·埃斯贝克', '约翰·马加罗', '伊恩·德·卡斯泰克', '雅各布·安德森', '多米尼克·阿普尔怀特', '博基姆·伍德拜因', '恩里奇·雷德曼', '马克·麦克肯纳', '海莉·卡迈克尔', '米迦勒·埃普', '罗斯·汤姆林森', '本·特瓦索里', '安迪·韦勒姆', '帕特里克·布拉莫尔', '肖恩·狄克逊', '豪尔赫·莱昂·马丁内斯', '伊娃·马格亚']",['霸主 Overlord'],"['动作', '科幻', '恐怖', '战争']",['6.5'],['13914'],[' 英语 / 俄语 / 法语 / 德语']
[' 中国大陆'],['林珍钊'],['2018'],['104'],"['赵文卓', '唐文龙', '韦娜', '李璐兵', '陈晨', '李炳渊', '魏小欢', '许政国']",['黄飞鸿之南北英雄'],"['动作', '武侠']",['4.5'],['5401'],[' 汉语普通话']
[' 韩国'],['李权'],['2018'],['102'],"['孔晓振', '金叡园', '金圣武', '赵福来', '李家燮', '李天熙', '金在华']",['门锁 도어락'],"['悬疑', '惊悚']",['6.8'],['18496'],[' 韩语']
[' 土耳其 / 马其顿 / 法国 / 德国 / 波黑 / 保加利亚 / 瑞典'],['努里·比格·锡兰'],['2018'],['188'],"['岛吾·德米尔考', '穆拉特·杰姆吉尔', '本努·耶勒德热姆拉尔', '哈扎尔·埃尔居奇卢', '塞尔坎·凯斯金', '塔梅尔·莱文特', '厄内尔·埃尔坎', '里法特·桑贾尔', '阿克·阿克苏', '卡迪尔·瑟米克', '欧扎·费什特']",['野梨树 Ahlat Ağacı'],['剧情'],['8.1'],['8183'],[' 土耳其语']
[' 日本'],['佐藤信介'],['2018'],['108'],"['福士苍汰', '杉咲花', '吉泽亮', '真野惠里菜', '小柳友', '田边诚一', '早乙女太一', '石原贵雅', '长泽雅美', '江口洋介']",['境·界 BLEACH'],"['动作', '奇幻', '冒险']",['4.9'],['8611'],[' 日语']
[' 美国'],['斯派克·李'],['2018'],['135'],"['约翰·大卫·华盛顿', '亚历克·鲍德温', '小伊塞亚·维特洛克', '罗伯特·约翰·伯克', '布赖恩·塔伦蒂诺', '阿瑟·J·纳斯加勒拉', '根·加里托', '弗雷德里克·韦勒', '亚当·德赖弗', '迈克尔·布谢米', '劳拉·哈里尔', '达马里斯·刘易斯', '奥托·布兰克森-伍德', '科里·霍金斯', '法龙·索尔兹伯里', '瑞安·艾戈尔德', '加斯帕·帕科农', '保罗·沃尔特·豪泽', '阿什莉·阿特金森', '托弗·戈瑞斯', '维克托·科利采奇奥', '埃莉斯·哈德森', '丹尼·霍奇', '尼古拉斯·特图罗', '哈里·贝拉方特', '克里斯·班克斯', '克雷格·穆姆斯·格兰特', '汤姆·斯特拉特福', '唐纳德·特朗普', '保罗·迪奥梅德', '赖恩·普雷姆斯伯格', '吉娜·贝拉方特', '迈克尔·J·伯格', '柯特·克伦德尼', '大卫·杜克']",['黑色党徒 BlacKkKlansman'],"['剧情', '传记', '犯罪']",['7.1'],['20194'],[' 英语']
[' 中国大陆'],['松太加'],['2018'],['109'],"['容中尔甲', '尼玛颂宋', '赛却加']",['阿拉姜色'],"['剧情', '家庭']",['7.6'],['13848'],[' 藏语']
[' 加拿大'],['阮金'],['2018'],['111'],"['杰西·艾森伯格', '亚历山大·斯卡斯加德', '萨尔玛·海耶克', '迈克尔·曼多', '约翰·海尔登贝格', '阿伊莎·伊萨', '萨拉·古德伯格', '弗兰克·萧宾', '夸西·宋桂', '康拉德·皮拉', '朱利安·拜利', '卡内赫迪奥·霍恩', '泰勒·艾略特·伯克', '布朗温·曼特尔', '伊戈尔·奥瓦迪斯', '詹维姆维·米勒', '艾瑞卡·罗森鲍姆', '朱丽叶特·高斯林', '拉斐尔·格罗斯-哈维', '斯蒂芬妮·科斯塔', '卡尔·格拉戈萨斯', '梅兰莎·布莱克索恩']",['蜂鸟计划 The Hummingbird Project'],['剧情'],['7.1'],['693'],[' 英语']
[' 中国大陆'],"['丁亮', '林汇达']",['2018'],['89'],"['张伟', '张秉君', '谭笑']",['熊出没·变形记'],"['喜剧', '动画', '冒险']",['6.7'],['11095'],[' 汉语普通话']
[' 德国'],['拉斯·克劳梅'],['2018'],['111'],"['乔纳斯·达斯勒', '汤姆·格兰门兹', '米夏埃尔·圭斯德克', '罗夫·凯尼斯', '布尔格哈特·克劳斯纳', '莱娜·克棱克', '弗洛里安·卢卡斯', '伦纳德·施彻', '戈茨·舒伯特', '耶迪斯·特里贝尔', '卡莉娜·N.维斯', '罗纳尔德·策尔费尔德']",['沉默的教室 Das schweigende Klassenzimmer'],"['剧情', '历史']",['8.4'],['10973'],[' 德语']
[' 日本'],['三岛有纪子'],['2018'],['120'],"['黑木华', '野村周平', '成田凌', '夏帆', '东出昌大', '神野三铃', '高桥洋', '酒向芳', '桃果', '渡边美佐子']",['彼布利亚古书堂事件手帖 ビブリア古書堂の事件手帖'],['悬疑'],['6.3'],['1505'],[' 日语']
[' 英国'],['巴巴拉·威尔希尔'],['2018'],['30'],"['史蒂夫·佩姆伯顿', '里斯·谢尔史密斯', '斯蒂芬妮·科尔', '罗宾·贝里', '里奇·基伯', '丹尼斯·劳森']",['9号秘事 万圣节特别篇 Inside No. 9  Dead Line'],['喜剧'],['8.6'],['15870'],[' 英语']
[' 美国'],['乔尔·埃哲顿'],['2018'],['115'],"['卢卡斯·赫奇斯', '妮可·基德曼', '罗素·克劳', '玛德琳·克莱因', '维克托·麦凯', '大卫·约瑟夫·克雷格', '特洛耶·希文', '艾米丽·辛克尔', '德文·迈克尔', '马特·伯克', '林赛·莫泽', '杰西·拉图雷特', '布里顿·瑟尔', '大卫·迪特莫尔', '威廉·吴', '乔尔·埃哲顿', '泽维尔·多兰', '蒂姆·韦尔', '弗利', '兰德尔·P·海文斯', '乔·阿尔文']",['被抹去的男孩 Boy Erased'],"['剧情', '同性', '传记']",['7.4'],['12904'],[' 英语']
[' 法国'],['克里斯托夫·奥诺雷'],['2018'],['132'],"['文森特·拉科斯特', '皮埃尔·德隆尚', '德尼·波达利德斯', '阿黛尔·维斯梅思', '托马斯·冈萨雷斯', '克莱蒙·梅特耶', '昆廷·蒂博', '特里斯坦·法尔热', '索菲·勒图讷尔', '马莱娜·索尔达纳', '卢卡·马林诺夫斯基', '埃里克·维涅尔', '罗曼·施耐纳']","['喜欢，轻吻，快跑 Plaire, aimer et courir vite']","['剧情', '爱情', '同性']",['7.8'],['14311'],[' 法语']
[' 美国'],['罗伯·劳'],['2018'],['84'],"['麦肯娜·格瑞丝', '卡拉·布欧诺', '罗伯·劳', '帕蒂·麦克马科', '莎拉·杜格代尔', '凯特·艾萨克', '肖娜·约翰尼森', '卢克·勒斯勒尔', '约翰·埃梅特·特雷西', '艾玛·梅里纳', '玛茜·T·豪斯', '洛恩·卡迪纳尔']",['坏种 The Bad Seed'],"['剧情', '悬疑', '恐怖']",['6.7'],['8356'],[' 英语']
[' 韩国'],['金成勋'],['2018'],['121'],"['玄彬', '赵宇镇', '张东健', '金义城', '李善彬', '郑满植', '徐智慧', '赵达焕', '金太祐', '许成泰', '朴镇宇', '韩智恩', '许俊硕', '白秀章', '郑惟安']",['猖獗 창궐'],"['动作', '恐怖']",['5.7'],['6640'],[' 韩语']
[' 中国大陆'],['唐高鹏'],['2018'],['113'],"['王学兵', '朱耕佑', '马伊琍', '王旭峰', '岳小军', '王槊', '曲高位']",['未择之路'],"['剧情', '犯罪']",['6.8'],['14524'],[' 汉语普通话']
[' 中国大陆 / 香港'],['张家辉'],['2018'],['112'],"['张家辉', '徐静蕾', '何炅', '余男', '苗侨伟', '元华', '林雪', '张可颐']",['低压槽：欲望之城 低壓槽'],"['剧情', '动作', '悬疑', '犯罪']",['4.4'],['13228'],[' 汉语普通话 / 粤语 / 英语 / 泰语']
[' 韩国'],['李锡根'],['2018'],['110'],"['金英光', '朴宝英', '姜其永', '高圭弼', '张成范', '金贤淑', '林炯俊', '姜德重', '徐恩秀', '宋再临', '申素率', '郑多媛', '车烨', '裴海善', '全裴修', '徐胤雅']",['你的婚礼 너의 결혼식'],"['剧情', '爱情']",['7.2'],['15881'],[' 韩语']
[' 美国'],['杰拉德·麦克穆雷'],['2018'],['98'],"['伊兰·诺尔', '莱克斯·斯科特·戴维斯', '乔瓦恩·韦德', '马加', '帕奇·德拉奇', '玛丽莎·托梅', '劳伦·维勒斯', '克丽丝滕·索利斯', '莫·麦克雷', '史蒂夫·哈里斯', '米切尔·爱德华兹', '伊恩·布莱克曼', '梅罗妮·迪亚兹', '迪德尔·古德温', '丽维·陈', '阿兰·皮特鲁塞泽维斯基', '洛根·克劳福德', '约翰·麦克金蒂']",['人类清除计划4 The First Purge'],"['科幻', '惊悚', '犯罪']",['5.4'],['10203'],[' 英语']
[' 中国大陆'],['周浩晖'],['2018'],['94'],"['葛布', '刘浩', '王初伊', '黄垲翔']",['天方异谈'],"['剧情', '悬疑', '奇幻']",['7.6'],['5229'],[' 汉语普通话']
[' 日本 / 法国'],['滨口龙介'],['2018'],['119'],"['东出昌大', '唐田英里佳', '濑户康史', '山下莉绪', '伊藤沙莉', '渡边大知', '仲本工事', '田中美佐子']",['夜以继日 寝ても覚めても'],"['剧情', '爱情']",['7.4'],['11297'],[' 日语']
[' 俄罗斯'],['奥列格·特罗费姆'],['2018'],['113'],"['阿格拉娅·塔拉索娃', '亚历山大·佩特罗夫', '米洛斯·比柯维奇', '玛丽亚·阿龙诺娃', '瑟妮娅·拉芙洛娃-格林卡', '彦·萨普尼克', '克谢尼娅·拉波波尔特', '维伦·巴比切夫', '帕维尔·迈科夫', '伊琳娜·斯达申鲍姆']",['花滑女王 Лёд'],"['剧情', '爱情', '运动']",['6.8'],['14159'],[' 俄语']
[' 美国'],['弗朗西斯·劳伦斯'],['2018'],['140'],"['詹妮弗·劳伦斯', '乔尔·埃哲顿', '马提亚斯·修奈尔', '夏洛特·兰普林', '玛丽·露易斯·帕克', '塞伦·希德', '乔莉·理查德森', '比尔·坎普', '杰瑞米·艾恩斯', '斯科拉·鲁特', '道格拉斯·霍奇斯', '沙基纳·贾弗里', '谢尔盖·波卢宁', '萨沙·弗若洛娃', '塞巴斯蒂安·胡克']",['红雀 Red Sparrow'],"['剧情', '悬疑', '惊悚']",['6.3'],['32622'],[' 英语 / 俄语']
[' 中国大陆'],['刘轩狄'],['2018'],['85'],"['尹天照', '林枫烨', '付赫安琪', '王佳希', '楼南光', '雷宇扬', '包小平']",['伏妖白鱼镇2'],"['悬疑', '奇幻']",['5.6'],['472'],[' 汉语普通话']
[' 中国大陆'],['左志国'],['2018'],['91'],"['王海涛', '任青安', '丁建钧', '董博', '龙水林', '李珏', '王上']",['云雾笼罩的山峰'],"['剧情', '悬疑']",['6.2'],['1044'],[' 汉语普通话']
[' 美国'],['塞巴斯蒂安·莱里奥'],['2018'],['102'],"['朱丽安·摩尔', '约翰·特托罗', '迈克尔·塞拉', '西恩·奥斯汀', '布拉德·加内特', '阿兰娜·乌巴赫', '珍妮·特里普里霍恩', '霍兰德·泰勒', '丽塔·威尔逊', '卡西·汤普森', '克里斯·马尔基', '凯伦·皮斯托里斯', '泰森·里特', '珍妮卡·贝尔格雷', '巴巴拉·苏科瓦', '桑德拉·罗斯科', '南希·德马尔斯', '巴尔巴拉·斯科拉罗', '杰西·欧文', '科琳娜·哈尼', '克里斯托弗·艾伯', '托马斯·詹姆斯·凯普纳']",['葛洛利亚·贝尔 Gloria Bell'],"['剧情', '爱情']",['7.1'],['1225'],[' 英语']
[' 韩国'],['李钟奭'],['2018'],['114'],"['孙艺珍', '玄彬', '金相浩', '张荣男', '张光', '赵勇进', '朴成根', '朴修荣', '金民尚', '李诗雅', '崔秉默', '李贤', '金熙镇', '李珠英', '康德铉', '李文植']",['协商 협상'],"['动作', '悬疑', '犯罪']",['6.9'],['15096'],[' 韩语']
[' 英国 / 中国大陆 / 美国'],['多诺万·玛什'],['2018'],['122'],"['杰拉德·巴特勒', '托比·斯蒂芬斯', '加里·奥德曼', '科曼', '琳达·卡德里尼', '米哈伊尔·戈尔沃伊', '迈克尔·吉普森', '邓普希·博弗尔', '克里·约翰逊', '亚当·詹姆斯', '亨利·古德曼', '科林·斯廷顿', '卡特·麦金太尔', '施恩·泰勒', '米基·柯林斯', '威尔·阿滕伯勒', '大卫·吉雅西', '吴国耀', '泰勒·约翰·史密斯', '加布里埃尔·查瓦里亚', '柯斯莫·贾维斯', '迈克尔·特鲁科', '雷恩·麦帕林', '赞恩·霍尔茨', '尤里·科洛科利尼科夫', '伊戈尔·日日金', '伊利亚·沃里克', 'Hristo Mitzkov', '迈克尔·恩奎斯特', '卡罗琳·古多尔', '大卫·叶兰德', '斯图尔特·米里根', '李·阿斯奎斯-柯', '西奥·巴克利姆-比格斯', '内森·库珀', '迪诺·法赞尼', '所罗门·塔伊沃·贾斯提费尔德', '马里安·洛伦西克', '贾森·马修森', '伯纳多·桑托斯', '阿塔纳斯·斯雷布雷夫']",['冰海陷落 Hunter Killer'],"['动作', '战争']",['6.7'],['11666'],[' 英语']
[' 美国 / 意大利'],['斯特法诺·索利马'],['2018'],['122'],"['本尼西奥·德尔·托罗', '乔什·布洛林', '伊莎贝拉·莫奈', '凯瑟琳·基纳', '杰弗里·多诺万', '马修·莫迪恩', '吉姆·戴佛提', '伊恩·鲍汉', '曼努埃尔·加西亚-鲁尔福', '杰克·皮克金', '布鲁诺·庇屈', '杰克莫·巴泽尔', '以利亚·罗德里格斯']",['边境杀手2：边境战士 Sicario: Day of the Soldado'],"['剧情', '动作', '犯罪']",['6.7'],['20969'],[' 英语 / 西班牙语']
[' 美国'],['罗伯·马歇尔'],['2018'],['130'],"['艾米莉·布朗特', '梅丽尔·斯特里普', '科林·费尔斯', '朱丽·沃特斯', '安吉拉·兰斯伯瑞', '艾米莉·莫迪默', '本·卫肖', '迪克·范·戴克', '大卫·沃纳', '林-曼努尔·米兰达', '杰里米·斯威夫特', '寇布勒·霍尔德布鲁克-史密斯', '匹克西·戴夫斯', '吉姆·诺顿', '贝恩·科拉科', '迈克尔·科布', '伯纳多·桑托斯', '乔安娜·希雅', '露丝·霍洛克斯', '贾格·帕特尔']",['欢乐满人间2 Mary Poppins Returns'],['歌舞'],['6.7'],['5900'],[' 英语']
[' 法国'],['史蒂芬·布塞'],['2018'],['113'],"['文森特·林顿', '梅兰妮·罗弗', '雅克·博尔德里', '戴维·雷伊', '奥利维尔·斯勒梅尔', '伊莎贝尔·鲁芬']",['开战 En Guerre'],['剧情'],['8.0'],['3095'],[' 法语']
[' 美国'],['珍妮芬·福克斯'],['2018'],['114'],"['约翰·赫德', '伊丽莎白·德比茨基', '劳拉·邓恩', '科曼', '艾伦·伯斯汀', '弗兰西丝·康罗伊', '杰森·雷特', '劳拉·爱伦', '伊莎贝尔·内利瑟', '伊莎贝拉·阿玛拉', '切尔西·阿尔登', '马修·劳奇', '贾克琳·弗莱明', '蒂娜·帕克', '乔迪·朗', '诺亚·罗麦克斯', '艾米莉·桑迪弗', '斯科特·武田', '索姆·毕绍普斯']",['信笺故事 The Tale'],['剧情'],['8.2'],['16128'],[' 英语']
[' 日本'],['山田洋次'],['2018'],['123'],"['桥爪功', '吉行和子', '西村雅彦', '夏川结衣', '中岛朋子', '林家正蔵', '妻夫木聪', '苍井优', '藤山扇治郎', '广冈由里子', '北山雅康', '大沼柚希', '小林飒', '小川绘莉', '徳永雄辉', '小林稔侍', '风吹淳', '木场胜己', '立川志らく', '笹野高史', '笑福亭鹤瓶']",['家族之苦3 妻よ薔薇のように 家族はつらいよIII'],"['喜剧', '家庭']",['7.9'],['10509'],[' 日语']
[' 法国'],['巴斯卡·劳吉哈'],['2018'],['91'],"['克里斯塔尔·里德', '玛莲·法莫', '阿纳斯塔西娅·菲利普斯', '艾米莉亚·琼斯', '泰勒·辛克森', '凯文·泡尔', '罗布·阿切尔', 'Mariam Bernstein', '艾丽西亚·约翰斯顿', '埃内斯托·格里菲思', '亚当·哈蒂格', '丹尼斯·科齐', '沙龙·巴杰', '托尼·布拉加', '保罗·特利', '戈登·坦纳', '埃里克·阿塔瓦尔', '保罗·布莱恩特', '泰瑞·雷', '苏珊娜·普林格尔', '马利克·劳吉尔', '安吉拉·阿瑟']",['噩梦娃娃屋 Ghostland'],"['悬疑', '惊悚', '恐怖']",['7.0'],['13128'],[' 英语 / 法语']
[' 日本'],['冲田修一'],['2018'],['99'],"['山崎努', '树木希林', '加濑亮', '吉村界人', '光石研', '青木崇高', '吹越满']",['有熊谷守一在的地方 モリのいる場所'],['剧情'],['8.3'],['10440'],[' 日语']
[' 中国大陆'],['章明'],['2018'],['110'],"['王学兵', '刘丹', '曾美慧孜', '易平', '易大千', '李心然', '母其弥雅']",['冥王星时刻'],['剧情'],['6.5'],['10589'],[' 汉语普通话']
[' 美国'],['杰伊·卡拉斯'],['2018'],['64'],['黄阿丽'],['黄阿丽：铁娘子 Ali Wong: Hard Knock Wife'],"['喜剧', '脱口秀']",['8.2'],['7035'],[' 英语']
[' 丹麦'],['古斯塔夫·莫勒'],['2018'],['85'],"['雅各布·克德格恩', '杰西卡·迪内奇', '奥玛尔·沙加威', '约翰·奥尔森', '雅各布·乌尔里克·罗曼', '西蒙·本尼杰格', '劳拉·布罗', '蒙坦·瑟贝尔', '莫滕·桑博', '安德斯·布林克·马德森', '马特·福勒']",['罪人 Den skyldige'],"['剧情', '惊悚', '犯罪']",['7.6'],['18245'],[' 丹麦语']
[' 日本'],['西浦正记'],['2018'],['128'],"['山下智久', '新垣结衣', '户田惠梨香', '比嘉爱未', '浅利阳介', '有冈大贵', '成田凌', '新木优子', '马场富美加', '新田真剑佑', '片濑梨乃', '山谷花纯', '丸山智己', '平野生成', '杉本哲太', '安藤政信', '椎名桔平']",['紧急救命 劇場版 コード・ブルー-ドクターヘリ緊急救命-'],['剧情'],['8.0'],['5525'],[' 日语']
[' 美国'],['刘山姆'],['2018'],['86'],"['克里斯蒂安·史莱特', '凡妮莎·威廉斯', '比利·布朗', '克里斯汀·鲍尔', '吉迪恩·埃默里', '连姆·麦肯泰尔', '塔拉·斯特朗', '大卫·博特', '特雷弗·德瓦', '戴夫·芬诺伊', '格雷戈·格伦伯格', 'C·托马斯·豪威尔', '茜丝·琼斯', '娜塔莉·兰德', '马修·默瑟', '朱莉·内桑森', '吉姆·皮里', '丹妮亚·拉米雷兹', '詹姆斯·乌尔班尼亚克']",['自杀小队：严厉惩罚 Suicide Squad: Hell to Pay'],"['动作', '动画']",['7.4'],['9830'],[' 英语']
[' 美国'],['保罗·达诺'],['2018'],['105'],"['杰克·吉伦哈尔', '凯瑞·穆里根', '比尔·坎普', '艾德·奥克森博尔德', '佐伊·玛格丽特·科莱蒂', '凯特·琼斯', '莫莉·密里根', '布莱恩·梅', '莱西·阿纳斯塔西娅', '达里尔·考克斯', '莎拉·摩尔', '特拉维斯·W·布鲁耶']",['狂野生活 Wildlife'],['剧情'],['7.2'],['6582'],[' 英语']
[' 中国大陆'],['陈翔'],['2018'],['96'],"['应宝林', '闰土', '毛台', '蘑菇头', '吴妈', '猪小明']",['陈翔六点半之铁头无敌'],"['剧情', '喜剧', '动作']",['6.1'],['8878'],[' 汉语普通话']
[' 中国大陆'],"['李欣', '李洋']",['2018'],['98'],"['张若昀', '马思纯', '李现', '刘敏涛', '姜超', '李霄云', '陈芋米', '安笑歌', '吴宥萱']",['奇葩朵朵'],"['喜剧', '爱情']",['4.2'],['8453'],[' 汉语普通话']
[' 法国'],['米夏埃尔·艾斯'],['2018'],['107'],"['文森特·拉科斯特', '斯塔西·马汀', '欧菲莉亚·科尔布', '玛丽安娜·巴斯莱', '乔纳森·科恩']",['阿曼达 Amanda'],['剧情'],['7.3'],['551'],[' 法语']
[' 香港'],['陈咏燊'],['2018'],['92'],"['吴镇宇', '潘灿良', '黄德斌', '胡子彤', '胡定欣', '骆振伟', '余香凝', '庄思敏', '岑珈其', '黄天颐', '柳俊江', '梁天尺', '龙文康', '李赏', '吴凤鸣']",['逆流大叔'],['剧情'],['6.9'],['2804'],[' 粤语']
[' 中国大陆'],['刘仪伟'],['2018'],['99'],"['小沈阳', '陈意涵', '吴樾', '连凯', '罗海琼', '李易祥', '朱云峰', '刘仪伟']",['我说的都是真的'],"['喜剧', '动作', '悬疑']",['4.8'],['7388'],[' 汉语普通话']
[' 中国大陆'],['马小刚'],['2018'],['70'],"['韩朴俊', '朱颜曼滋', '李心敏', '何索', '韩秋池', '红花', '尹航', '刘鹏', '荆民强', '穆梦娇', '吴雨珏']",['罪途1之死亡列车'],"['剧情', '悬疑', '犯罪']",['6.8'],['12754'],[' 汉语普通话']
[' 韩国'],['李宰圭'],['2018'],['115'],"['柳海真', '赵震雄', '李瑞镇', '廉晶雅', '金智秀', '宋昰昀', '尹敬浩', '智友']",['完美的他人 완벽한타인'],"['剧情', '喜剧']",['7.4'],['11805'],[' 韩语']
[' 中国大陆'],['萧锋'],['2018'],['132'],"['刘烨', '布鲁斯·威利斯', '宋承宪', '陈伟霆', '范伟', '马苏', '车永莉', '吴刚', '冯远征', '张钧甯', '耿乐', '谢霆锋', '范冰冰', '陈道明', '艾德里安·布洛迪', '雷佳', '涩谷天马', '张帆', '任达华', '吕良伟', '胡兵', '黄海冰', '拉莫·威利斯', '刘晓庆', '曹可凡', '黄圣依', '钟镇涛', '爱新觉罗·启星', '汪东城']",['大轰炸'],"['动作', '战争']",['2.7'],['8772'],[' 汉语普通话 / 英语']
[' 美国 / 加拿大'],['亚当·罗比特尔'],['2018'],['103'],"['林·沙烨', '雷·沃纳尔', '安格斯·桑普森', '柯克·埃斯沃多', '凯特琳·杰拉德', '史宾塞·洛克', '乔什·斯图沃特', '特莎·费勒', '阿勒奎·里德', '艾娃·寇克尔', '皮尔斯·波普', '布鲁斯·戴维森', '哈维尔·博泰特', '马库斯·亨德森', '阿曼达·亚罗斯']",['潜伏4：锁命亡灵 Insidious: The Last Key'],"['惊悚', '恐怖']",['6.1'],['11695'],[' 英语']
[' 美国'],['小乔治·提尔曼'],['2018'],['133'],"['阿曼德拉·斯坦伯格 ', '雷吉娜·赫尔', '罗素·霍恩斯比', '安东尼·麦凯', 'K·J·阿帕', '伊萨·雷', '科曼', '阿尔吉·史密斯', '塞布丽娜·卡彭特', '多米尼克·菲什巴克', '拉马尔·约翰逊', '梅根·劳利斯']",['你给的仇恨 The Hate U Give'],"['剧情', '犯罪']",['7.8'],['6657'],[' 英语']
[' 法国 / 西班牙 / 罗马尼亚 / 美国 / 比利时'],['雅克·欧迪亚'],['2018'],['121'],"['约翰·C·赖利', '杰昆·菲尼克斯', '杰克·吉伦哈尔', '里兹·阿迈德', '卡罗尔·凯恩', '鲁特格尔·哈尔', '克瑞德·布拉顿', '约翰内斯·豪克尔·约翰内森', '尼尔斯·阿贺斯图普', '莱克茜·本博-哈特', '丽贝卡·鲁特', '菲利普·罗施', '邓肯·拉克鲁瓦', '伊恩·雷迪丁顿', '阿尔多·马兰']",['希斯特斯兄弟 The Sisters Brothers'],"['犯罪', '西部', '冒险']",['7.7'],['8210'],[' 英语']
[' 美国'],['玛丽埃尔·海勒'],['2018'],['107'],"['梅丽莎·麦卡西', '理查德·E·格兰特', '多莉·韦尔斯', '本·法尔科内', '格里高利·克洛斯蒂舍夫斯基', '简·库丁', '斯蒂芬·斯皮内拉', '克里斯蒂安·纳瓦罗', '普·班德赫', '埃里克·拉雷·哈维', '布兰登·斯科特·琼斯', '雪伊·德林恩', '罗莎尔·卡农', '安娜·迪佛·史密斯', '马克·埃文·杰克逊']",['你能原谅我吗？ Can You Ever Forgive Me?'],"['剧情', '喜剧', '传记', '犯罪']",['7.1'],['5421'],[' 英语']
[' 美国'],['理查德·谢帕德'],['2018'],['90'],"['艾莉森·威廉姆斯', '阿莱娜·霍夫曼', '斯蒂文·韦伯', '洛根·布朗宁', '格利尼斯·戴维斯', '格雷姆·达菲', '史蒂芬·常', '莎伦·克兰德尔', 'Evelyn Chew', '温妮·孔', 'Christina Jastrzembska', 'Doralynn Mui', 'Milah Thompson', 'Molly Grace', 'Vince Tsang', 'Leanne Wang']",['完美琴仇 The Perfection'],"['剧情', '惊悚', '恐怖']",['5.7'],['1848'],[' 英语']
[' 俄罗斯'],['阿列克赛·西多洛夫'],['2018'],['139'],"['亚历山大·佩特罗夫', '文森兹·凯弗', '维克多·多勃朗拉沃夫', '伊琳娜·斯达申鲍姆', '谢苗·特列斯库诺夫', '尤利斯·鲍里索夫', '阿尔焦姆·贝斯特罗夫', '约书亚·格罗斯', '伊格·克里普诺夫', '彼得·斯科沃尔佐夫']",['T-34坦克 T-34'],"['动作', '历史', '战争']",['7.6'],['8811'],[' 俄语']
[' 日本'],"['静野孔文', '濑下宽之']",['2018'],['90'],"['宫野真守', '樱井孝宏', '花泽香菜', '杉田智和', '梶裕贵', '诹访部顺一', '三宅健太', '堀内贤雄', '中井和哉', '山路和弘', '早见沙织', '上田丽奈', '小泽亚李', '铃村健一']",['哥斯拉：噬星者 GODZILLA 星を喰う者'],"['动作', '科幻', '动画']",['5.8'],['3791'],[' 日语']
[' 美国'],['巴塔萨·科马库'],['2018'],['96'],"['山姆·克拉弗林', '谢琳·伍德蕾', '杰弗瑞·托马斯', '伊丽莎白·霍桑', '格蕾丝·帕尔默', '塔米·阿什克拉夫特', '凯尔·达米拉米安', '露娜·坎贝尔', '扎克·贝雷斯福德', '锡亚莱·吐诺卡']",['惊涛飓浪 Adrift'],"['爱情', '灾难']",['6.8'],['11471'],[' 英语']
[' 韩国'],['金泰均'],['2018'],['110'],"['金允石', '朱智勋', '陈善圭', '郑钟俊', '许真', '金重基', '金英熊', '郑基燮', '李凤莲', '全国焕', '金正洙', '裴海善', '权素贤', '元贤俊']",['暗数杀人 암수살인'],"['剧情', '惊悚', '犯罪']",['6.7'],['8646'],[' 韩语']
[' 日本'],['三木康一郎'],['2018'],['118'],"['福士苍汰', '高畑充希', '广濑爱丽丝', '大野拓朗', '山本凉介', '前野朋哉', '竹内结子']",['旅猫日记 旅猫リポート'],['剧情'],['7.4'],['2817'],[' 日语']
[' 中国大陆'],['马小刚'],['2018'],['63'],"['韩朴俊', '朱颜曼滋', '何索', '李心敏', '韩秋池', '尹航', '刘鹏', '荆民强', '红花', '穆梦娇', '吴雨珏']",['罪途2之救赎代价'],"['剧情', '悬疑', '犯罪']",['6.7'],['8642'],[' 汉语普通话']
[' 中国大陆'],"['冯巩', '崔俊杰']",['2018'],['91'],"['冯巩', '毛俊杰', '刘昊然', '牛莉', '贾玲', '张小斐', '岳云鹏', '姜宏波', '白凯南', '潘斌龙', '涂松岩', '宋宁', '梁天', '夏凡', '梁超']",['幸福马上来'],['喜剧'],['3.8'],['8697'],[' 汉语普通话']
[' 美国'],['彼得·博格'],['2018'],['94'],"['马克·沃尔伯格', '劳伦·科汉', '伊科·乌艾斯', '约翰·马尔科维奇', '龙达·鲁西', '卡尔洛·阿尔班', '娜塔莎·古布斯卡亚', '李彩麟', '山姆·麦地那', '基思·阿瑟·鲍顿', '比利·史密斯', '米凯·霍姆斯', '艾米莉· 斯凯格斯', '特里·金尼', '普娜·贾甘纳坦', '彼得·博格', '埃尔·格雷厄姆', '尼古拉·尼克拉斐', '大卫·加雷利克', '肖恩·艾弗里', '特雷弗·格雷茨基', '里奇·拉瑟福德', '亚历山德拉·维诺', '约翰·盖蒂尔', '萨姆·鲁克', '迈克尔·皮耶里诺·米勒', '巴拉克·奥巴马', '里克·佩雷斯', '帕蒂·舍尔哈斯', '唐纳德·特朗普', '瑞文·韦恩']",['22英里 Mile 22'],"['动作', '犯罪', '冒险']",['6.8'],['14403'],[' 英语 / 俄语 / 印度尼西亚语']
[' 中国大陆'],['马小刚'],['2018'],['61'],"['韩朴俊', '朱颜曼滋', '何索', '李心敏', '韩秋池', '尹航', '刘鹏', '红花', '荆民强', '穆梦娇']",['罪途3之正义规则'],"['剧情', '悬疑', '犯罪']",['6.7'],['8537'],[' 汉语普通话']
[' 美国'],['杰夫·汤姆西奇'],['2018'],['100'],"['杰瑞米·雷纳', '乔恩·哈姆', '艾德·赫尔姆斯', '安娜贝拉·沃丽丝', '艾拉·菲舍尔', '拉什达·琼斯', '莱丝莉·比伯', '杰克·约翰逊', '布莱恩·丹内利', '汉尼拔·布勒斯', '塞巴斯蒂安·马尼斯科', '诺拉·邓恩', '梅丽莎·乐爱伦', '史蒂夫·伯格']",['抓人游戏 Tag'],['喜剧'],['6.6'],['9050'],[' 英语']
[' 泰国'],['维塔亚·东俞扬'],['2018'],['123'],"['桑尼·苏瓦美塔农', '尤拉萨雅·斯帕邦德', '尼查坤·抔勒威查固', '安楚义昂·布阿嘎育', '婵査勒姆·曼纳萨朋']",['把哥哥退货可以吗？ น้อง.พี่.ที่รัก'],"['喜剧', '爱情']",['5.3'],['4358'],[' 泰语 / 日语 / 英语']
[' 美国'],['朱利叶斯·约拿'],['2018'],['102'],"['古古·姆巴塔-劳', '大卫·奥伊罗', '丹尼尔·布鲁尔', '约翰·奥提兹', '克里斯·奥多德', '阿卡塞尔·亨涅', '章子怡', '伊丽莎白·德比茨基', '罗杰·戴维斯', '唐纳尔·罗格', '苏珊·克莱尔', '肯·奥林', '西蒙·佩吉', '格雷戈·格伦伯格']",['科洛弗悖论 The Cloverfield Paradox'],"['科幻', '悬疑', '惊悚']",['6.0'],['14339'],[' 英语 / 汉语普通话']
[' 英国 / 美国'],['巴特·雷顿'],['2018'],['116'],"['埃文·彼得斯', '巴里·基奥根', '布莱克·詹纳', '安·唐德', '乌多·基尔', '杰瑞德·亚伯拉汉姆森', '盖里·巴萨拉巴', '拉腊·格赖斯', '简·麦克尼尔', '韦恩·杜瓦尔']",['美国动物 American Animals'],"['剧情', '犯罪']",['7.0'],['13870'],[' 英语']
[' 日本'],['佐藤信介'],['2018'],['127'],"['木梨宪武', '佐藤健', '本乡奏多', '二阶堂富美', '三吉彩花', '福崎那由他', '滨田麻里', '齐藤由贵', '伊势谷友介']",['犬屋敷 真人版 いぬやしき'],"['动作', '科幻']",['6.6'],['6311'],[' 日语']
[' 美国'],['大卫·洛维'],['2018'],['93'],"['罗伯特·雷德福', '茜茜·斯派塞克', '卡西·阿弗莱克', '丹尼·格洛弗', '汤姆·威兹', '提卡·森普特', '阿勒·伊丽莎白·约翰逊', '蒂根·约翰逊', '吉因·琼斯', '约翰·大卫·华盛顿', '巴洛·雅克布斯', '奥古斯丁·弗里泽尔', '小伊塞亚·维特洛克', '丽雅·罗伯茨', '伊丽莎白·莫斯', '阿尔菲厄斯·格林', '基思·卡拉丹', '肯妮莎·汤普森', '罗伯特·朗斯特里特', '乔丹·崔威里恩', '托比·豪布鲁克斯', '克里斯汀·岱伊', '拉里·杰克·唐森', '帕姆·多尔蒂']",['老人和枪 The Old Man and the Gun'],"['剧情', '喜剧', '犯罪']",['7.0'],['6824'],[' 英语']
[' 日本'],['小泉德宏'],['2018'],['128'],"['广濑铃', '野村周平', '新田真剑佑', '上白石萌音', '矢本悠马', '森永悠希', '清水寻也', '优希美青', '佐野勇斗', '清原果耶', '松冈茉优', '贺来贤人', '松田美由纪', '国村隼']",['花牌情缘：结 ちはやふる 結び'],['剧情'],['7.9'],['6077'],[' 日语']
[' 日本'],['渡边政治'],['2018'],['60'],"['小林裕介', '高桥李依', '内山夕实', '水濑祈', '村川梨衣', '新井里美', '子安武人']",['Re：从零开始的异世界生活 Memory Snow Re:ゼロから始める異世界生活 Memory Snow'],"['动画', '奇幻']",['7.5'],['323'],[' 日语']
[' 中国大陆'],['陈勋奇'],['2018'],['113'],"['谭耀文', '孟广美', '马国明', '那广子', '罗彬']",['美丽战争'],"['剧情', '动作']",[''],[],[' 汉语普通话']
[' 中国大陆'],['张鹏'],['2018'],['141'],"['吴磊', '梁家辉', '刘嘉玲', '张艺上', '冯嘉怡', '明道', '董琦', '多布杰']",['阿修罗'],"['动作', '爱情', '奇幻']",['3.1'],['15325'],[' 汉语普通话']
[' 日本'],['山田尚子'],['2018'],['90'],"['种崎敦美', '东山奈央', '本田望结', '藤村鼓乃美', '山冈百合', '杉浦诗织', '黑泽朋世', '朝井彩加', '丰田萌绘', '安济知佳', '桑岛法子', '中村悠一', '樱井孝宏']",['利兹与青鸟 リズと青い鳥'],"['剧情', '动画', '音乐']",['8.6'],['12379'],[' 日语']
[' 韩国'],['李海暎'],['2018'],['123'],"['赵震雄', '柳俊烈', '金柱赫', '金成铃', '朴海俊', '车胜元', '郑家蓝', '南文哲', '徐贤宇', '姜承贤', '京熙妍', '金东英', '李周英', '琴赛璐', '郑钟宇', '权度云']",['毒战 독전'],"['动作', '犯罪']",['6.4'],['11475'],[' 韩语']
[' 英国 / 美国'],['史蒂夫·麦奎因'],['2018'],['129'],"['维奥拉·戴维斯', '连姆·尼森', '乔·博恩瑟', '曼努埃尔·加西亚-鲁尔福', '科布恩·格罗斯', '米歇尔·罗德里格兹', '伊丽莎白·德比茨基', '凯莉·库恩', '罗伯特·杜瓦尔', '科林·法瑞尔', '布莱恩·泰里·亨利', '丹尼尔·卡卢亚', '迈克尔·哈尔尼', '安·米切尔', '杰基·韦佛', '斯蒂芬·希尔', '加瑞特·迪拉胡特', '凯文·J·奥康纳', '乔恩·迈克尔·希尔', '辛西娅·艾莉佛', '迪安娜·里德-福斯特', '阿德普波·奥杜耶', '卢卡斯·哈斯', '斯蒂夫·托瓦', '马克·兰开斯特', '马特·沃尔什', '大卫·邓斯顿', 'Alejandro Verdin', 'Bailey Rhyse Walters', '索科萝·圣地亚哥', '约书亚·拜尔沃特', '桐瑞·何', '克里斯·诺尔特', '斯利姆·克什里']",['寡妇联盟 Widows'],"['剧情', '惊悚', '犯罪']",['6.2'],['8328'],[' 英语 / 西班牙语 / 波兰语']
[' 日本'],['堤幸彦'],['2018'],['120'],"['筱原凉子', '西岛秀俊', '坂口健太郎', '川荣李奈', '田中泯', '松坂庆子', '稻垣来泉']",['沉睡的人鱼之家 人魚の眠る家'],['剧情'],['6.8'],['1441'],[' 日语']
[' 美国 / 英国'],['伦纳特·拉夫'],['2018'],['97'],"['萨姆·沃辛顿', '泰勒·席林', '汤姆·威尔金森', '阿格妮丝·迪恩', '娜塔莉·伊曼纽尔', '诺亚·尤佩', '克里·约翰逊', '亚历山大·约瓦诺维奇', '迪耶戈·博内塔', '亚伦·赫弗南', '娜奥米·巴特里克', '史蒂芬·克里', '娜塔莉·波萨', '弗朗西斯科·加里多', '凯尔·索列尔', '本·奥德里基', '古斯塔沃·萨尔梅龙']",['超能泰坦 The Titan'],"['科幻', '惊悚']",['4.6'],['7722'],[' 英语']
[' 中国大陆'],[],['2018'],['157'],"['何炅', '迪丽热巴', '李易峰', '丁柳元', '张译']",['第12届中国金鹰电视艺术节颁奖典礼'],['真人秀'],['2.0'],['40088'],[' 汉语普通话']
[' 英国 / 美国'],['沃什·韦斯特摩兰'],['2018'],['111'],"['凯拉·奈特莉', '多米尼克·威斯特', '埃莉诺·汤姆林森', '费奥纳·肖', '丹妮斯·高夫', '艾莎·哈特', '丽贝卡·鲁特', '阿尔·韦弗', '卡罗琳·博尔顿', '雷·潘莎基', '珊农·塔伯特', '阿提拉·阿帕', '阿拉贝拉·韦尔', '羽田正义', '罗德里克·希尔', '贾尼娜·哈尼', '凯汀卡·埃格雷斯']",['柯莱特 Colette'],"['剧情', '传记', '历史']",['7.5'],['8394'],[' 英语']
[' 中国大陆'],['张歆艺'],['2018'],['96'],"['张歆艺', '王栎鑫', '谭维维', '陈哲远', '于莎莎', '孙骁骁', '曾一竣', '张若星', '包贝尔', '蒋欣', '张静初', '张天爱', '袁弘', '秦岚', '郭京飞', '李菁菁', '赵麒', '江珊', '王烈', '高晓攀', '吕夏', '孙明明']",['泡芙小姐'],"['剧情', '爱情']",['3.6'],['7303'],[' 汉语普通话']
[' 美国'],['皮埃尔·莫瑞尔'],['2018'],['102'],"['詹妮弗·加纳', '小约翰·加拉赫', '约翰·奥提兹', '胡安·巴勃罗·拉瓦', '安妮·伊隆泽', '杰夫·赫普内尔', '凯莱·弗莱明', '埃迪·辛', '马索·曼恩', '泰森·里特', '伊恩·卡塞尔伯里', '理查德·卡夫拉尔', '约翰尼·奥蒂斯']",['薄荷 Peppermint'],"['剧情', '动作', '惊悚']",['6.5'],['6796'],[' 英语']
[' 美国'],['大卫·罗伯特·米切尔'],['2018'],['139'],"['安德鲁·加菲尔德', '狄波拉·盖夫娜', '丽莉·克亚芙', '瑞琪·琳德赫姆', '克里斯·加恩', '考莉·埃尔南德斯', '杰西卡·马金森', '丽兹·科菲', '斯凯·埃洛巴', '杰克逊·江恩', '瑞克斯·林恩', '托弗·戈瑞斯', '佐莎·马梅特', '安娜贝尔·德克斯特-琼斯', '卢克·拜恩斯', '艾莉·麦克唐纳', '维多利亚·布鲁诺', '格蕾丝·范·帕滕']",['银湖之底 Under the Silver Lake'],"['剧情', '喜剧', '惊悚', '犯罪']",['6.5'],['5941'],[' 英语']
[' 美国'],['菲力斯·范·古宁根'],['2018'],['120'],"['史蒂夫·卡瑞尔', '蒂莫西·柴勒梅德', '毛拉·蒂尔内', '克里斯蒂安·康佛瑞', '凯特琳·德弗', '艾米·莱安', '斯戴芬妮·斯考特', '朱利安·沃克斯', '杰克·迪伦·格雷泽', '艾米·福赛思', '安德烈·罗佑 ', '曼迪娅·弗罗里', '蒂莫西·赫顿', '爱德华德·弗莱彻', '丽莎·盖伊·汉密尔顿', '迈克尔·帕特里克·麦克吉尔', '汤姆·蔡', '山姆·狄龙', '埃米·阿奎诺', '汤姆·贝耶', '朱利安·克鲁瑟', '约翰·洛巴托', '安东尼·斯诺', '艾蒂安·维克', '大卫·门登霍尔', 'Oakley Bull', 'Kue Lawrence', 'Ricky Low', 'Mary Pat Farrell', '杰夫·阿德勒', 'Sasha Kelly Jackson', 'Carlton Wilborn', 'Nikki Snipper', 'Martha T. Newman', 'Brooklin Thacher', 'Frederick Lawrence', 'Anastasia Leddick', 'Minerva García', 'Seann Gallagher', '罗德尼·J·霍布斯']",['漂亮男孩 Beautiful Boy'],['剧情'],['6.2'],['7452'],[' 英语']
[' 日本'],['三浦大辅'],['2018'],['119'],"['松坂桃李', '真飞圣', '富手麻妙', '猪塚健太', '樱井由纪', '小柳友', '马渕英俚可', '荻野友里', '佐佐木心音', '大谷麻衣', '阶户瑠李', '西冈德马', '江波杏子']",['娼年'],"['爱情', '情色']",['5.7'],['10169'],[' 日语']
[' 日本'],['原田真人'],['2018'],['123'],"['木村拓哉', '二宫和也', '吉高由里子', '松重丰', '大仓孝二', '平岳大', '八岛智人', '矢岛健一', '音尾琢真', '木村绿子', '芦名星', '山崎纮菜', '山崎努']",['检察方的罪人 検察側の罪人'],"['剧情', '悬疑', '犯罪']",['7.0'],['7216'],[' 日语']
[' 马来西亚'],['马逸腾'],['2018'],['110'],"['李国煌', '杨雁雁', '拿督·罗斯彦·诺', '黄炜杰', '曾冠源', '李宗伟', '阿什利·华']",['李宗伟：败者为王 Lee Chong Wei'],"['剧情', '传记', '运动']",['6.9'],['6050'],[' 闽南语 / 汉语普通话 / 马来语']
[' 英国 / 法国 / 美国'],['尼克·帕克'],['2018'],['89'],"['汤姆·希德勒斯顿', '埃迪·雷德梅恩', '麦茜·威廉姆斯', '蒂莫西·斯波', '理查德·艾欧阿德', '马克·威廉姆斯', '尼克·帕克', '米瑞安·玛格莱斯', '罗伯·布莱顿', '约翰尼·维加斯', '凯万·诺瓦克', '瑟莉娜·格里菲斯', '西蒙·格林诺', '吉娜·亚谢尔', '卢克·沃尔顿', '凯文·马塔迪恩', '理查德·韦伯']",['无敌原始人 Early Man'],"['喜剧', '动画', '冒险']",['6.2'],['5010'],[' 英语']
[' 美国'],['米密·莱德'],['2018'],['120'],"['菲丽希缇·琼斯', '艾米·汉莫', '贾斯汀·塞洛克斯', '萨姆·沃特森', '凯西·贝茨', '卡莉·史派妮', '杰克·莱诺', '斯蒂芬·鲁特', '克里斯·马尔基', '加里·韦恩兹', '弗朗西斯·X·麦卡蒂', '罗纳德·格特曼', '温迪·古逊', '约翰·拉尔斯顿', '卡尔·格拉戈萨斯', '亚瑟·霍尔顿', '安吉拉·嘉鲁皮', '乔迪·约翰逊', '杰夫·利利科', '乔·柯布登 ', '莎珑·华盛顿', '瓦罗娜·塞茨瓦埃洛', '阿伦·奥阿约-斯图尔特', '霍莉·G·弗兰克尔', '汤姆·埃尔文', '斯蒂芬妮·科斯塔', '拉斐尔·格罗斯-哈维', '罗伯特·J·塔维纳', '加布里埃尔·格雷厄姆', '丹尼尔·布罗克', '道恩·福特', '迈克尔·迪克森', '亚历山大·贝朗格', '鲁斯·巴德·金斯伯格']",['性别为本 On the Basis of Sex'],"['剧情', '传记']",['7.6'],['4669'],[' 英语']
[' 英国'],['安娜贝尔·杨科尔'],['2018'],['106'],"['安娜·帕奎因', '格雷戈尔·塞尔科克', '尤安·梅森', '荷丽黛·格兰杰', '劳伦·莱尔', '凯特·迪基']",['告诉蜜蜂 Tell It to the Bees'],"['剧情', '同性']",['7.5'],['1977'],[' 英语']
[' 美国'],['贾森·雷特曼'],['2018'],['95'],"['查理兹·塞隆', '麦肯兹·戴维斯', '马克·杜普拉斯', '朗·里维斯顿', '艾米丽·海内', '伊兰妮·谭', '克里斯塔尔·伦伯格', '马塞林·休格特', '科琳·惠勒', '嘉蜜拉·赖特', '史蒂文·罗伯斯', '谢德·鲁佩']",['塔利 Tully'],"['剧情', '喜剧']",['7.6'],['17617'],[' 英语']
[' 俄罗斯'],['丹尼拉·科兹洛夫斯基'],['2018'],['137'],"['丹尼拉·科兹洛夫斯基', '伊琳娜·戈尔巴乔娃', '安德烈·斯莫利亚科夫', '奥莉亚·祖耶娃', '弗拉基米尔·伊利因', '维伦·巴比切夫', '维克多·维尔比斯基', '维塔利亚·安德烈夫']",['最后一球 Тренер'],"['剧情', '运动']",['7.5'],['5826'],[' 俄语']
[' 法国'],['吉尔·勒卢什'],['2018'],['122'],"['马修·阿马立克', '伯努瓦·波尔沃德', '吉约姆·卡内', '玛琳娜·佛伊丝', '菲烈·卡特林', '让·雨果·安格拉德', '维尔日妮·埃菲拉', '费利克斯·莫阿蒂', '莱拉·贝蒂', '诺亚·阿比塔']",['大浴场 Le grand bain'],"['剧情', '喜剧']",['7.4'],['2034'],[' 法语']
[' 美国'],['帕夏·帕特里基'],['2018'],['105'],"['尚格·云顿', '杜夫·龙格尔', '杰思敏·沃兹', '帕特里克·基尔帕特里克', '阿尔·萨皮恩扎', '克里斯·云顿', '兰斯·E·尼克尔斯', '亚历山大·维舍尔鲍默', '考特尼·B·特克', '卡塔尔·彭德莱', '马克·希曼 ', '伊恩·奈尔斯', '约翰·波西', '亚伦·奥康奈尔', '杰姆斯·班尼特', '瓦内萨·莫达', '汤姆·德努奇', '唐迪·塔格韦尔']",['深海越狱 Black Water'],"['动作', '冒险']",['4.4'],['8962'],[' 英语']
[' 丹麦 / 德国'],['克里斯托弗·鲍伊'],['2018'],['119'],"['尼古拉·雷·卡斯', '法瑞斯·法瑞斯', '约翰妮·路易斯·施密特', '索伦·比尔马克', '范妮·博内代尔', '克拉拉·罗萨杰', '路易斯·斯科夫', '阿曼达·拉德里亚克', '安德斯·霍夫', '尼可拉斯·布若', '埃利奥特·克罗赛特·霍夫', '碧尔特·诺伊曼', '迈克尔·布罗斯楚普', '玛丽安·霍格斯布罗', '薇比珂·哈斯特伦', '特赖恩·帕里森', '纳斯塔加·阿尔赛', '亨里克·韦斯特加德·尼尔森', '拉多·哈季奇', '安德斯·布林克·马德森', '旺达·佩德尔维茨']",['64号病历 Journal 64'],"['悬疑', '惊悚', '犯罪']",['7.2'],['5372'],[' 丹麦语 / 西班牙语 / 阿拉伯语']
[' 中国大陆'],['柯孟融'],['2018'],['106'],"['董子健', '钟楚曦', '春夏', '袁福福', '靳锦', '尹雨航', '吴昱瑶', '刘梦梦', '郗婧妍']",['脱单告急'],"['喜剧', '爱情']",['5.6'],['10678'],[' 汉语普通话']
[' 日本'],"['植田泰史', '中村亮太']",['2018'],['106'],"['三浦春马', '白石麻衣']",['世界奇妙物语 2018年春季特别篇 世にも奇妙な物語 ’18春の特別編'],"['科幻', '悬疑', '惊悚', '恐怖']",['7.3'],['8096'],[' 日语']
[' 美国'],['贾斯汀·凯利'],['2018'],['105'],"['克里斯汀·斯图尔特', '黛安·克鲁格', '劳拉·邓恩', '吉姆·斯特吉斯', '科特妮·洛芙', '小凯文·哈里森', '詹姆斯·贾格尔', '艾丽西亚·约翰斯顿', '大卫·劳伦斯·布朗', '威尔·沃伊托维希', '克雷格·哈斯', '吉姆·科比', '洛丽·帕帕佐普洛斯', '德里克·詹姆斯·特拉普']",['JT·莱罗伊 JT Leroy'],"['剧情', '传记']",['6.2'],['468'],[' 英语']
[' 美国'],['西恩·安德斯'],['2018'],['119'],"['马克·沃尔伯格', '萝丝·拜恩', '伊莎贝拉·莫奈', '古斯塔夫·奇洛兹', '朱莉安娜·甘米兹', '奥克塔维亚·斯宾瑟', '泰格·诺塔洛', '汤姆·赛格拉', '艾琳·瑞秋', '布瑞特·伦茨勒', '玛格·马丁戴尔', '朱丽·哈基提', '迈克尔·奥吉弗', '琼·库萨克', '加里·维克斯', '乔伊·雅各布森', '安德利娅·安德斯', '肯尼斯·以色列', '兰德尔·P·海文斯', '埃莱扎·施莱辛格', '哈维尔·朗塞罗斯', '伊芙·哈洛', '约瑟琳·雷耶斯', '约翰·麦康奈尔', '查利·麦克德莫特', '埃里卡 ·比尔曼', '卡尔森·霍尔姆斯', '维勒特·罗德里格斯', '艾米丽塔·T·冈萨雷斯', '帕蒂·舍尔哈斯', '本杰明·韦弗', '玛丽亚·Z·威尔逊']",['速成家庭 Instant Family'],"['剧情', '喜剧']",['7.5'],['9574'],[' 英语']
[' 台湾'],['蔡宓洁'],['2018'],['83'],"['许光汉', '姚爱宁', '林意箴']",['海吉拉'],"['剧情', '爱情']",['7.3'],['6323'],[' 汉语普通话']
[' 美国'],['道格·墨菲'],['2018'],['90'],"['马特·瑞安', '达米恩·奥哈尔', '劳拉·贝莉', '艾米丽·奥布莱恩', '罗宾·阿特金·唐斯', '雷切尔·金西', '吉姆·麦司奇门', '凯文·迈克尔·理查德森']",['康斯坦丁：恶魔之城 电影版 Constantine City of Demons: The Movie'],"['动画', '恐怖', '奇幻']",['7.5'],['5780'],[' 英语']
[' 日本'],"['静野孔文', '濑下宽之']",['2018'],['101'],"['宫野真守', '梶裕贵', '中井和哉', '樱井孝宏', '杉田智和', '三宅健太', '花泽香菜', '诹访部顺一', '小泽亚李', '山路和弘', '堀内贤雄']",['哥斯拉：决战之都 GODZILLA 決戦機動増殖都市'],"['动作', '科幻', '动画']",['6.7'],['4317'],[' 日语']
[' 日本'],['大友启史'],['2018'],[],"['佐藤健', '高桥一生', '黑木华', '泽尻英龙华', '池田依来沙', '藤原龙也', '北村一辉']",['亿男 億男'],['剧情'],['6.2'],['1426'],[' 日语']
[' 日本'],['细田守'],['2018'],['98'],"['上白石萌歌', '黑木华', '星野源', '麻生久美子', '吉原光夫', '宫崎美子', '神田松之丞', '本渡枫', '畠中祐', '真田麻美', '役所广司', '中村正', '山像香', '玉川纱己子', '井上肇', '加藤虎之介', '真凛', '福山雅治']",['未来的未来 未来のミライ'],"['动画', '奇幻']",['6.7'],['6691'],[' 日语']
[' 美国 / 比利时 / 英国'],['帕诺斯·科斯马图斯'],['2018'],['121'],"['尼古拉斯·凯奇', '安德丽亚·瑞斯波罗格', '莱纳斯·罗彻', '奈德·丹内利', '欧文·弗热瑞', '理查德·布雷克', '比尔·杜克', '兰恩·皮雷', '克莱蒙·马霍内', '亚历克西斯·朱蒙特']",['曼蒂 Mandy'],"['动作', '恐怖', '犯罪']",['5.4'],['10786'],[' 英语']
[' 日本'],['河合勇人'],['2018'],['117'],"['中岛健人', '中条彩未', '池间夏海', '岛崎遥香', '岸优太', '内藤大湖']",['伪恋 ニセコイ'],"['喜剧', '爱情']",['4.8'],['221'],[' 日语']
[' 冰岛'],['乔·佩那'],['2018'],['97'],"['麦斯·米科尔森', '玛丽亚·塞尔玛·玛拉多提尔']",['北极 Arctic'],"['剧情', '冒险']",['7.0'],['2757'],[' 英语 / 丹麦语']
[' 美国'],['杰夫·瓦德洛'],['2018'],['100'],"['露西·海尔', '泰勒·珀西', '维奥莱特·比恩', '司徒颂曦', '索菲娅·阿里', '诺兰·杰拉德·冯克', '兰登·莱伯隆', '山姆·勒纳', '汤姆·蔡', '奥罗拉·佩里纽', '格雷格·丹尼尔', '布莱德利·史密斯', '维拉·泰勒', '埃兹·加西亚', '安德鲁·霍华德', '奥马尔·莱瓦', '莱斯莉·斯特拉顿', '查森·班克斯', '玛茜·简', '亚历山大·罗伯茨', '艾莉·劳弗', '摩根·林霍尔姆', '鲁本·加菲亚斯', '布拉德利·斯内德克', '蒂姆·内夫', '乔·奥克曼', '塞拉·希乌尔曼', '多米尼克·韦德']",['真心话大冒险 Truth or Dare'],"['惊悚', '恐怖']",['6.1'],['6765'],[' 英语']
